SampleID,BarcodeSequence,LinkerPrimerSequence,filename,ID_OG_MAP,Barcode,adaptor,TSRI_Seq_plate,Well_Position,Sequenc_ Name,Sequence,PCR_Date,Mouse,Cage,Week,mouse.time,Cecum,Category_type_time,weight,Category,type,Lh,Insulin,Testosterone,Weight_g,observed_SVs1250,pielou_e1250,faith_pd1250,shannon1250,FBG,Description,ATTRIBUTE_GNPSDefaultGroup
603.T0_RC8_01_33091,GATACA,GATACA,603.T0_RC8_01_33091.mzXML,603.T0,ACATACTGAGCA,CCGGACTACHVGGGTWTCTAAT,Plate1,C08,806rcbc245,ACA TAC TGA GCA CCG GAC TAC HVG GGT WTC TAA T,3_20_18,603,Q,0,603.T0,NA,Co-house.0.fecal,17.7,Co-house,fecal,NA,NA,NA,17.7,248,0.9424862,9.497724962,7.496720258,NA,603.T0,G1
601.T0_RC6_01_33089,GATACA,GATACA,601.T0_RC6_01_33089.mzXML,601.T0,CTCGCCCTCGCC,CCGGACTACHVGGGTWTCTAAT,Plate1,C06,806rcbc243,CTC GCC CTC GCC CCG GAC TAC HVG GGT WTC TAA T,3_20_18,601,P,0,601.T0,NA,Co-house.0.fecal,17,Co-house,fecal,NA,NA,NA,17,301,0.944890521,9.907317731,7.779869185,NA,601.T0,G1
599.T0_RC4_01_33087,GATACA,GATACA,599.T0_RC4_01_33087.mzXML,599.T0,GTAGTAGACCAT,CCGGACTACHVGGGTWTCTAAT,Plate1,C04,806rcbc241,GTA GTA GAC CAT CCG GAC TAC HVG GGT WTC TAA T,3_20_18,599,O,0,599.T0,NA,Co-house.0.fecal,17.3,Co-house,fecal,NA,NA,NA,17.3,221,0.917618891,8.360292741,7.146326506,NA,599.T0,G1
597.T0_RC2_01_33085,GATACA,GATACA,597.T0_RC2_01_33085.mzXML,597.T0,TATTGCAGCAGC,CCGGACTACHVGGGTWTCTAAT,Plate1,C02,806rcbc239,TAT TGC AGC AGC CCG GAC TAC HVG GGT WTC TAA T,3_20_18,597,N,0,597.T0,NA,Co-house.0.fecal,16.8,Co-house,fecal,NA,NA,NA,16.8,212,0.958282635,11.07599216,7.405531977,NA,597.T0,G1
595.T0_RB12_01_33082,GATACA,GATACA,595.T0_RB12_01_33082.mzXML,595.T0,AGGATCAGGGAA,CCGGACTACHVGGGTWTCTAAT,Plate1,B12,806rcbc237,AGG ATC AGG GAA CCG GAC TAC HVG GGT WTC TAA T,3_20_18,595,M,0,595.T0,NA,Co-house.0.fecal,17.7,Co-house,fecal,NA,NA,NA,17.7,344,0.956739768,11.15601528,8.061742584,NA,595.T0,G1
593.T0_RB10_01_33080,GATACA,GATACA,593.T0_RB10_01_33080.mzXML,593.T0,CTTAGTGCAGAA,CCGGACTACHVGGGTWTCTAAT,Plate1,B10,806rcbc235,CTT AGT GCA GAA CCG GAC TAC HVG GGT WTC TAA T,3_20_18,593,L,0,593.T0,NA,Co-house.0.fecal,15.5,Co-house,fecal,NA,NA,NA,15.5,261,0.929857127,8.106516248,7.464805603,NA,593.T0,G1
591.T0_RB8_01_33078,GATACA,GATACA,591.T0_RB8_01_33078.mzXML,591.T0,TACGGATTATGG,CCGGACTACHVGGGTWTCTAAT,Plate1,B08,806rcbc233,TAC GGA TTA TGG CCG GAC TAC HVG GGT WTC TAA T,3_20_18,591,k,0,591.T0,NA,Co-house.0.fecal,15.8,Co-house,fecal,NA,NA,NA,15.8,156,0.91372632,8.653870277,6.656863757,NA,591.T0,G1
589.T0_RB6_01_33076,GATACA,GATACA,589.T0_RB6_01_33076.mzXML,589.T0,ATCTAGTGGCAA,CCGGACTACHVGGGTWTCTAAT,Plate1,B06,806rcbc231,ATC TAG TGG CAA CCG GAC TAC HVG GGT WTC TAA T,3_20_18,589,J,0,589.T0,NA,Co-house.0.fecal,15.5,Co-house,fecal,NA,NA,NA,15.5,279,0.958805177,10.92116255,7.789449569,NA,589.T0,G1
602.T0_RC7_01_33090,GATACA,GATACA,602.T0_RC7_01_33090.mzXML,602.T0,TCTCTTTCGACA,CCGGACTACHVGGGTWTCTAAT,Plate1,C07,806rcbc244,TCT CTT TCG ACA CCG GAC TAC HVG GGT WTC TAA T,3_20_18,602,Q,0,602.T0,NA,Co-house.0.fecal,18.3,Co-house,fecal,NA,NA,NA,18.3,212,0.949027557,10.95913602,7.334009472,NA,602.T0,G1
600.T0_RC5_01_33088,GATACA,GATACA,600.T0_RC5_01_33088.mzXML,600.T0,AGTAAAGATCGT,CCGGACTACHVGGGTWTCTAAT,Plate1,C05,806rcbc242,AGT AAA GAT CGT CCG GAC TAC HVG GGT WTC TAA T,3_20_18,600,P,0,600.T0,NA,Co-house.0.fecal,17.1,Co-house,fecal,NA,NA,NA,17.1,289,0.92375128,10.06320856,7.551598061,NA,600.T0,G1
598.T0_RC3_01_33086,GATACA,GATACA,598.T0_RC3_01_33086.mzXML,598.T0,TGATGTGCTAAG,CCGGACTACHVGGGTWTCTAAT,Plate1,C03,806rcbc240,TGA TGT GCT AAG CCG GAC TAC HVG GGT WTC TAA T,3_20_18,598,O,0,598.T0,NA,Co-house.0.fecal,16.9,Co-house,fecal,NA,NA,NA,16.9,288,0.961579976,10.31071965,7.856036285,NA,598.T0,G1
596.T0_RC1_01_33084,GATACA,GATACA,596.T0_RC1_01_33084.mzXML,596.T0,AATAACTAGGGT,CCGGACTACHVGGGTWTCTAAT,Plate1,C01,806rcbc238,AAT AAC TAG GGT CCG GAC TAC HVG GGT WTC TAA T,3_20_18,596,N,0,596.T0,NA,Co-house.0.fecal,17.4,Co-house,fecal,NA,NA,NA,17.4,218,0.94111405,10.77881985,7.310747408,NA,596.T0,G1
594.T0_RB11_01_33081,GATACA,GATACA,594.T0_RB11_01_33081.mzXML,594.T0,AATCTTGCGCCG,CCGGACTACHVGGGTWTCTAAT,Plate1,B11,806rcbc236,AAT CTT GCG CCG CCG GAC TAC HVG GGT WTC TAA T,3_20_18,594,M,0,594.T0,NA,Co-house.0.fecal,16,Co-house,fecal,NA,NA,NA,16,155,0.934239719,8.239058183,6.797644422,NA,594.T0,G1
592.T0_RB9_01_33079,GATACA,GATACA,592.T0_RB9_01_33079.mzXML,592.T0,ATACATGCAAGA,CCGGACTACHVGGGTWTCTAAT,Plate1,B09,806rcbc234,ATA CAT GCA AGA CCG GAC TAC HVG GGT WTC TAA T,3_20_18,592,L,0,592.T0,NA,Co-house.0.fecal,16.4,Co-house,fecal,NA,NA,NA,16.4,229,0.920476411,8.992105502,7.21580217,NA,592.T0,G1
590.T0_RB7_01_33077,GATACA,GATACA,590.T0_RB7_01_33077.mzXML,590.T0,ACGCTTAACGAC,CCGGACTACHVGGGTWTCTAAT,Plate1,B07,806rcbc232,ACG CTT AAC GAC CCG GAC TAC HVG GGT WTC TAA T,3_20_18,590,K,0,590.T0,NA,Co-house.0.fecal,15.4,Co-house,fecal,NA,NA,NA,15.4,168,0.921366645,8.204483824,6.811034703,NA,590.T0,G1
588.T0_RB5_01_33075,GATACA,GATACA,588.T0_RB5_01_33075.mzXML,588.T0,TAATCTCGCCGG,CCGGACTACHVGGGTWTCTAAT,Plate1,B05,806rcbc230,TAA TCT CGC CGG CCG GAC TAC HVG GGT WTC TAA T,3_20_18,588,J,0,588.T0,NA,Co-house.0.fecal,14.6,Co-house,fecal,NA,NA,NA,14.6,232,0.955718954,11.50808301,7.510021381,NA,588.T0,G1
586.T0_RB4_01_33074,GATACA,GATACA,586.T0_RB4_01_33074.mzXML,586.T0,ACCTTACACCTT,CCGGACTACHVGGGTWTCTAAT,Plate1,B04,806rcbc229,ACC TTA CAC CTT CCG GAC TAC HVG GGT WTC TAA T,3_20_18,586,I,0,586.T0,NA,non_Co-house.0.fecal,17.3,non_Co-house,fecal,NA,NA,NA,17.3,235,0.90916091,9.114478424,7.161021312,NA,586.T0,G1
585.T0_RB3_01_33073,GATACA,GATACA,585.T0_RB3_01_33073.mzXML,585.T0,ACGTATTCGAAG,CCGGACTACHVGGGTWTCTAAT,Plate1,B03,806rcbc228,ACG TAT TCG AAG CCG GAC TAC HVG GGT WTC TAA T,3_20_18,585,H,0,585.T0,NA,non_Co-house.0.fecal,17,non_Co-house,fecal,NA,NA,NA,17,224,0.948163637,11.1628991,7.402650039,NA,585.T0,G1
584.T0_RB2_01_33072,GATACA,GATACA,584.T0_RB2_01_33072.mzXML,584.T0,GAGATACAGTTC,CCGGACTACHVGGGTWTCTAAT,Plate1,B02,806rcbc227,GAG ATA CAG TTC CCG GAC TAC HVG GGT WTC TAA T,3_20_18,584,H,0,584.T0,NA,non_Co-house.0.fecal,17.2,non_Co-house,fecal,NA,NA,NA,17.2,208,0.920083508,9.05061328,7.085047591,NA,584.T0,G1
583.T0_RB1_01_33071,GATACA,GATACA,583.T0_RB1_01_33071.mzXML,583.T0,GAAATCTTGAAG,CCGGACTACHVGGGTWTCTAAT,Plate1,B01,806rcbc226,GAA ATC TTG AAG CCG GAC TAC HVG GGT WTC TAA T,3_20_18,583,G,0,583.T0,NA,non_Co-house.0.fecal,16.5,non_Co-house,fecal,NA,NA,NA,16.5,225,0.929543468,9.265008831,7.263249264,NA,583.T0,G1
582.T0_RA12_01_33069,GATACA,GATACA,582.T0_RA12_01_33069.mzXML,582.T0,CTTGATTCTTGA,CCGGACTACHVGGGTWTCTAAT,Plate1,A12,806rcbc225,CTT GAT TCT TGA CCG GAC TAC HVG GGT WTC TAA T,3_20_18,582,G,0,582.T0,NA,non_Co-house.0.fecal,16.1,non_Co-house,fecal,NA,NA,NA,16.1,294,0.944159155,11.96934395,7.741795713,NA,582.T0,G1
581.T0_RA11_01_33068,GATACA,GATACA,581.T0_RA11_01_33068.mzXML,581.T0,AATGCGCGTATA,CCGGACTACHVGGGTWTCTAAT,Plate1,A11,806rcbc224,AAT GCG CGT ATA CCG GAC TAC HVG GGT WTC TAA T,3_20_18,581,F,0,581.T0,NA,non_Co-house.0.fecal,15.9,non_Co-house,fecal,NA,NA,NA,15.9,281,0.962058008,11.66355231,7.825789978,NA,581.T0,G1
580.T0_RA10_01_33067,GATACA,GATACA,580.T0_RA10_01_33067.mzXML,580.T0,CGGTGACCTACT,CCGGACTACHVGGGTWTCTAAT,Plate1,A10,806rcbc223,CGG TGA CCT ACT CCG GAC TAC HVG GGT WTC TAA T,3_20_18,580,F,0,580.T0,NA,non_Co-house.0.fecal,16.5,non_Co-house,fecal,NA,NA,NA,16.5,187,0.887672832,8.696519485,6.699173176,NA,580.T0,G1
578.T0_RA9_01_33066,GATACA,GATACA,578.T0_RA9_01_33066.mzXML,578.T0,TGATATCGTCTT,CCGGACTACHVGGGTWTCTAAT,Plate1,A09,806rcbc222,TGA TAT CGT CTT CCG GAC TAC HVG GGT WTC TAA T,3_20_18,578,E,0,578.T0,NA,non_Co-house.0.fecal,15.2,non_Co-house,fecal,NA,NA,NA,15.2,312,0.958190902,11.65552231,7.938997028,NA,578.T0,G1
577.T0_RA8_01_33065,GATACA,GATACA,577.T0_RA8_01_33065.mzXML,577.T0,AAGAACTCATGA,CCGGACTACHVGGGTWTCTAAT,Plate1,A08,806rcbc221,AAG AAC TCA TGA CCG GAC TAC HVG GGT WTC TAA T,3_20_18,577,D,0,577.T0,NA,non_Co-house.0.fecal,18.2,non_Co-house,fecal,NA,NA,NA,18.2,271,0.922305724,11.3817723,7.454212324,NA,577.T0,G1
576.T0_RA7_01_33064,GATACA,GATACA,576.T0_RA7_01_33064.mzXML,576.T0,CGTTTGGAATGA,CCGGACTACHVGGGTWTCTAAT,Plate1,A07,806rcbc220,CGT TTG GAA TGA CCG GAC TAC HVG GGT WTC TAA T,3_20_18,576,D,0,576.T0,NA,non_Co-house.0.fecal,17.2,non_Co-house,fecal,NA,NA,NA,17.2,234,0.918429339,10.53675857,7.228373867,NA,576.T0,G1
575.T0_RA6_01_33063,GATACA,GATACA,575.T0_RA6_01_33063.mzXML,575.T0,TATGCCAGAGAT,CCGGACTACHVGGGTWTCTAAT,Plate1,A06,806rcbc219,TAT GCC AGA GAT CCG GAC TAC HVG GGT WTC TAA T,3_20_18,575,C,0,575.T0,NA,non_Co-house.0.fecal,17.5,non_Co-house,fecal,NA,NA,NA,17.5,262,0.95941181,11.77546368,7.707360904,NA,575.T0,G1
574.T0_RA5_01_33062,GATACA,GATACA,574.T0_RA5_01_33062.mzXML,574.T0,CTGTCTATACTA,CCGGACTACHVGGGTWTCTAAT,Plate1,A05,806rcbc218,CTG TCT ATA CTA CCG GAC TAC HVG GGT WTC TAA T,3_20_18,574,C,0,574.T0,NA,non_Co-house.0.fecal,16.9,non_Co-house,fecal,NA,NA,NA,16.9,274,0.940292132,9.579756207,7.614515854,NA,574.T0,G1
573.T0_RA4_01_33061,GATACA,GATACA,573.T0_RA4_01_33061.mzXML,573.T0,CGGGACACCCGA,CCGGACTACHVGGGTWTCTAAT,Plate1,A04,806rcbc217,CGG GAC ACC CGA CCG GAC TAC HVG GGT WTC TAA T,3_20_18,573,B,0,573.T0,NA,non_Co-house.0.fecal,16.8,non_Co-house,fecal,NA,NA,NA,16.8,300,0.926358813,9.977762164,7.622838713,NA,573.T0,G1
572.T0_RA3_01_33060,GATACA,GATACA,572.T0_RA3_01_33060.mzXML,572.T0,TGACTAATGGCC,CCGGACTACHVGGGTWTCTAAT,Plate1,A03,806rcbc216,TGA CTA ATG GCC CCG GAC TAC HVG GGT WTC TAA T,3_20_18,572,B,0,572.T0,NA,non_Co-house.0.fecal,15.8,non_Co-house,fecal,NA,NA,NA,15.8,209,0.927382949,9.229722312,7.147673439,NA,572.T0,G1
571.T0_RA2_01_33059,GATACA,GATACA,571.T0_RA2_01_33059.mzXML,571.T0,GCAACGAACGAG,CCGGACTACHVGGGTWTCTAAT,Plate1,A02,806rcbc215,GCA ACG AAC GAG CCG GAC TAC HVG GGT WTC TAA T,3_20_18,571,A,0,571.T0,NA,non_Co-house.0.fecal,15.8,non_Co-house,fecal,NA,NA,NA,15.8,207,0.949707045,9.534011037,7.306558768,NA,571.T0,G1
570.T0_RA1_01_33057,GATACA,GATACA,570.T0_RA1_01_33057.mzXML,570.T0,CACGTTTATTCC,CCGGACTACHVGGGTWTCTAAT,Plate1,A01,806rcbc214,CAC GTT TAT TCC CCG GAC TAC HVG GGT WTC TAA T,3_20_18,570,A,0,570.T0,NA,non_Co-house.0.fecal,15.3,non_Co-house,fecal,NA,NA,NA,15.3,174,0.938056042,8.544578256,6.981898119,NA,570.T0,G1
603.T1_RF4_01_33129,GATACA,GATACA,603.T1_RF4_01_33129.mzXML,603.T1,GTAAATTCAGGC,CCGGACTACHVGGGTWTCTAAT,Plate1,F04,806rcbc159,GTA AAT TCA GGC CCG GAC TAC HVG GGT WTC TAA T,3_15_18,603,Q,1,603.T1,NA,Co-house.1.fecal,18.5,Co-house,fecal,NA,NA,NA,18.5,121,0.942539119,9.162003273,6.521299261,NA,603.T1,G1
601.T1_RF2_01_33124,GATACA,GATACA,601.T1_RF2_01_33124.mzXML,601.T1,GTTATCGCATGG,CCGGACTACHVGGGTWTCTAAT,Plate1,F02,806rcbc157,GTT ATC GCA TGG CCG GAC TAC HVG GGT WTC TAA T,3_15_18,601,P,1,601.T1,NA,Co-house.1.fecal,17.7,Co-house,fecal,NA,NA,NA,17.7,167,0.947566044,12.28290613,6.996547465,NA,601.T1,G1
599.T1_RE12_01_33121,GATACA,GATACA,599.T1_RE12_01_33121.mzXML,599.T1,TCAGTTCTCGTT,CCGGACTACHVGGGTWTCTAAT,Plate1,E12,806rcbc155,TCA GTT CTC GTT CCG GAC TAC HVG GGT WTC TAA T,3_15_18,599,O,1,599.T1,NA,Co-house.1.fecal,18.6,Co-house,fecal,NA,NA,NA,18.6,226,0.946005069,8.125288835,7.397928938,NA,599.T1,G1
597.T1_RE10_01_33119,GATACA,GATACA,597.T1_RE10_01_33119.mzXML,597.T1,GAAACATCCCAC,CCGGACTACHVGGGTWTCTAAT,Plate1,E10,806rcbc153,GAA ACA TCC CAC CCG GAC TAC HVG GGT WTC TAA T,3_15_18,597,N,1,597.T1,NA,Co-house.1.fecal,18.2,Co-house,fecal,NA,NA,NA,18.2,195,0.951868485,11.32002746,7.241177983,NA,597.T1,G1
595.T1_RE8_01_33117,GATACA,GATACA,595.T1_RE8_01_33117.mzXML,595.T1,AGCTATGTATGG,CCGGACTACHVGGGTWTCTAAT,Plate1,E08,806rcbc151,AGC TAT GTA TGG CCG GAC TAC HVG GGT WTC TAA T,3_15_18,595,M,1,595.T1,NA,Co-house.1.fecal,19.7,Co-house,fecal,NA,NA,NA,19.7,238,0.919272636,10.04494731,7.25748994,NA,595.T1,G1
593.T1_RE6_01_33115,GATACA,GATACA,593.T1_RE6_01_33115.mzXML,593.T1,ACGACTGCATAA,CCGGACTACHVGGGTWTCTAAT,Plate1,E06,806rcbc149,ACG ACT GCA TAA CCG GAC TAC HVG GGT WTC TAA T,3_15_18,593,L,1,593.T1,NA,Co-house.1.fecal,18.1,Co-house,fecal,NA,NA,NA,18.1,145,0.952954053,7.395702127,6.842123469,NA,593.T1,G1
591.T1_RE4_01_33113,GATACA,GATACA,591.T1_RE4_01_33113.mzXML,591.T1,AGAGTCTTGCCA,CCGGACTACHVGGGTWTCTAAT,Plate1,E03,806rcbc146,AGA GTC TTG CCA CCG GAC TAC HVG GGT WTC TAA T,3_15_18,591,k,1,591.T1,NA,Co-house.1.fecal,18.3,Co-house,fecal,NA,NA,NA,18.3,282,0.953812659,11.8048979,7.763607122,NA,591.T1,G1
589.T1_RE2_01_33111,GATACA,GATACA,589.T1_RE2_01_33111.mzXML,589.T1,TCCATACCGGAA,CCGGACTACHVGGGTWTCTAAT,Plate1,E02,806rcbc193,TCC ATA CCG GAA CCG GAC TAC HVG GGT WTC TAA T,3_19_20,589,J,1,589.T1,NA,Co-house.1.fecal,17.9,Co-house,fecal,NA,NA,NA,17.9,250,0.95772056,10.06360672,7.628995385,NA,589.T1,G1
602.T1_RF3_01_33128,GATACA,GATACA,602.T1_RF3_01_33128.mzXML,602.T1,GATCACGAGAGG,CCGGACTACHVGGGTWTCTAAT,Plate1,F03,806rcbc158,GAT CAC GAG AGG CCG GAC TAC HVG GGT WTC TAA T,3_15_18,602,Q,1,602.T1,NA,Co-house.1.fecal,18.9,Co-house,fecal,NA,NA,NA,18.9,182,0.94355109,10.54336205,7.083987815,NA,602.T1,G1
600.T1_RF1_01_33123,GATACA,GATACA,600.T1_RF1_01_33123.mzXML,600.T1,TCGTGCGTGTTG,CCGGACTACHVGGGTWTCTAAT,Plate1,F01,806rcbc156,TCG TGC GTG TTG CCG GAC TAC HVG GGT WTC TAA T,3_15_18,600,P,1,600.T1,NA,Co-house.1.fecal,17.7,Co-house,fecal,NA,NA,NA,17.7,135,0.938539435,9.997416961,6.641870511,NA,600.T1,G1
598.T1_RE11_01_33120,GATACA,GATACA,598.T1_RE11_01_33120.mzXML,598.T1,CGTACTCTCGAG,CCGGACTACHVGGGTWTCTAAT,Plate1,E11,806rcbc154,CGT ACT CTC GAG CCG GAC TAC HVG GGT WTC TAA T,3_15_18,598,O,1,598.T1,NA,Co-house.1.fecal,18.5,Co-house,fecal,NA,NA,NA,18.5,210,0.942954534,10.34813269,7.274182789,NA,598.T1,G1
596.T1_RE9_01_33118,GATACA,GATACA,596.T1_RE9_01_33118.mzXML,596.T1,ACGGGTCATCAT,CCGGACTACHVGGGTWTCTAAT,Plate1,E09,806rcbc152,ACG GGT CAT CAT CCG GAC TAC HVG GGT WTC TAA T,3_15_18,596,N,1,596.T1,NA,Co-house.1.fecal,18.5,Co-house,fecal,NA,NA,NA,18.5,97,0.942552753,8.819955768,6.22076602,NA,596.T1,G1
594.T1_RE7_01_33116,GATACA,GATACA,594.T1_RE7_01_33116.mzXML,594.T1,ACGCGAACTAAT,CCGGACTACHVGGGTWTCTAAT,Plate1,E07,806rcbc150,ACG CGA ACT AAT CCG GAC TAC HVG GGT WTC TAA T,3_15_18,594,M,1,594.T1,NA,Co-house.1.fecal,16.6,Co-house,fecal,NA,NA,NA,16.6,248,0.958546401,9.953666249,7.624466244,NA,594.T1,G1
592.T1_RE5_01_33114,GATACA,GATACA,592.T1_RE5_01_33114.mzXML,592.T1,AGCCCTGCTACA,CCGGACTACHVGGGTWTCTAAT,Plate1,E05,806rcbc194,AGC CCT GCT ACA CCG GAC TAC HVG GGT WTC TAA T,3_19_20,592,,1,592.T1,NA,Co-house.1.fecal,17.3,Co-house,fecal,NA,NA,NA,17.3,312,0.960160506,10.87077782,7.955315986,NA,592.T1,G1
590.T1_RE3_01_33112,GATACA,GATACA,590.T1_RE3_01_33112.mzXML,590.T1,ACAACACTCCGA,CCGGACTACHVGGGTWTCTAAT,Plate1,E04,806rcbc147,ACA ACA CTC CGA CCG GAC TAC HVG GGT WTC TAA T,3_15_18,590,K,1,590.T1,NA,Co-house.1.fecal,16.3,Co-house,fecal,NA,NA,NA,16.3,272,0.936489767,11.6243449,7.573826189,NA,590.T1,G1
588.T1_RE1_01_33110,GATACA,GATACA,588.T1_RE1_01_33110.mzXML,588.T1,TTAGAGCCATGC,CCGGACTACHVGGGTWTCTAAT,Plate1,E01,806rcbc144,TTA GAG CCA TGC CCG GAC TAC HVG GGT WTC TAA T,3_15_18,588,J,1,588.T1,NA,Co-house.1.fecal,16.4,Co-house,fecal,NA,NA,NA,16.4,174,0.940773576,9.210274754,7.002124572,NA,588.T1,G1
586.T1_RD12_01_33108,GATACA,GATACA,586.T1_RD12_01_33108.mzXML,586.T1,GTGTTAGATGTG,CCGGACTACHVGGGTWTCTAAT,Plate1,D12,806rcbc143,GTG TTA GAT GTG CCG GAC TAC HVG GGT WTC TAA T,3_15_18,586,I,1,586.T1,NA,non_Co-house.1.fecal,19,non_Co-house,fecal,NA,NA,NA,19,193,0.948026519,11.16366509,7.197850613,NA,586.T1,G1
585.T1_RD11_01_33107,GATACA,GATACA,585.T1_RD11_01_33107.mzXML,585.T1,GCATAGCATCAA,CCGGACTACHVGGGTWTCTAAT,Plate1,D11,806rcbc142,GCA TAG CAT CAA CCG GAC TAC HVG GGT WTC TAA T,3_15_18,585,H,1,585.T1,NA,non_Co-house.1.fecal,18.2,non_Co-house,fecal,NA,NA,NA,18.2,227,0.961911028,11.32469123,7.5284433,NA,585.T1,G1
584.T1_RD10_01_33106,GATACA,GATACA,584.T1_RD10_01_33106.mzXML,584.T1,TGAGTGGTCTGT,CCGGACTACHVGGGTWTCTAAT,Plate1,D10,806rcbc259,TGA GTG GTC TGT CCG GAC TAC HVG GGT WTC TAA T,3_20_18,584,H,1,584.T1,NA,non_Co-house.1.fecal,19.9,non_Co-house,fecal,NA,NA,NA,19.9,270,0.920999357,11.61223396,7.438741973,NA,584.T1,G1
583.T1_RD9_01_33105,GATACA,GATACA,583.T1_RD9_01_33105.mzXML,583.T1,GAAGAGGGTTGA,CCGGACTACHVGGGTWTCTAAT,Plate1,D09,806rcbc258,GAA GAG GGT TGA CCG GAC TAC HVG GGT WTC TAA T,3_20_18,583,G,1,583.T1,NA,non_Co-house.1.fecal,18.1,non_Co-house,fecal,NA,NA,NA,18.1,286,0.950187367,10.49111404,7.753406661,NA,583.T1,G1
582.T1_RD8_01_33104,GATACA,GATACA,582.T1_RD8_01_33104.mzXML,582.T1,CAAACGCACTAA,CCGGACTACHVGGGTWTCTAAT,Plate1,D08,806rcbc257,CAA ACG CAC TAA CCG GAC TAC HVG GGT WTC TAA T,3_20_18,582,G,1,582.T1,NA,non_Co-house.1.fecal,17.8,non_Co-house,fecal,NA,NA,NA,17.8,313,0.946996342,12.00305076,7.850617527,NA,582.T1,G1
581.T1_RD7_01_33103,GATACA,GATACA,581.T1_RD7_01_33103.mzXML,581.T1,GCGATCACACCT,CCGGACTACHVGGGTWTCTAAT,Plate1,D07,806rcbc256,GCG ATC ACA CCT CCG GAC TAC HVG GGT WTC TAA T,3_20_18,581,F,1,581.T1,NA,non_Co-house.1.fecal,18.6,non_Co-house,fecal,NA,NA,NA,18.6,127,0.958851134,9.822469465,6.701108239,NA,581.T1,G1
580.T1_RD6_01_33102,GATACA,GATACA,580.T1_RD6_01_33102.mzXML,580.T1,TACTAACGCGGT,CCGGACTACHVGGGTWTCTAAT,Plate1,D06,806rcbc255,TAC TAA CGC GGT CCG GAC TAC HVG GGT WTC TAA T,3_20_18,580,F,1,580.T1,NA,non_Co-house.1.fecal,18.8,non_Co-house,fecal,NA,NA,NA,18.8,269,0.957299028,9.538648296,7.726803071,NA,580.T1,G1
578.T1_RD5_01_33101,GATACA,GATACA,578.T1_RD5_01_33101.mzXML,578.T1,TTGCTGGACGCT,CCGGACTACHVGGGTWTCTAAT,Plate1,D05,806rcbc254,TTG CTG GAC GCT CCG GAC TAC HVG GGT WTC TAA T,3_20_18,578,E,1,578.T1,NA,non_Co-house.1.fecal,18.5,non_Co-house,fecal,NA,NA,NA,18.5,178,0.95180423,9.63274007,7.115434701,NA,578.T1,G1
577.T1_RD4_01_33100,GATACA,GATACA,577.T1_RD4_01_33100.mzXML,577.T1,CCGGACAAGAAG,CCGGACTACHVGGGTWTCTAAT,Plate1,D04,806rcbc253,CCG GAC AAG AAG CCG GAC TAC HVG GGT WTC TAA T,3_20_18,577,D,1,577.T1,NA,non_Co-house.1.fecal,20,non_Co-house,fecal,NA,NA,NA,20,274,0.92102545,9.83586913,7.458493644,NA,577.T1,G1
576.T1_RD3_01_33099,GATACA,GATACA,576.T1_RD3_01_33099.mzXML,576.T1,TGTGCACGCCAT,CCGGACTACHVGGGTWTCTAAT,Plate1,D03,806rcbc252,TGT GCA CGC CAT CCG GAC TAC HVG GGT WTC TAA T,3_20_18,576,D,1,576.T1,NA,non_Co-house.1.fecal,18.5,non_Co-house,fecal,NA,NA,NA,18.5,194,0.962060221,9.763205761,7.311573827,NA,576.T1,G1
575.T1_RD2_01_33098,GATACA,GATACA,575.T1_RD2_01_33098.mzXML,575.T1,CACGCAGTCTAC,CCGGACTACHVGGGTWTCTAAT,Plate1,D02,806rcbc251,CAC GCA GTC TAC CCG GAC TAC HVG GGT WTC TAA T,3_20_18,575,C,1,575.T1,NA,non_Co-house.1.fecal,18.2,non_Co-house,fecal,NA,NA,NA,18.2,279,0.942343344,13.36626127,7.655711647,NA,575.T1,G1
574.T1_RD1_01_33097,GATACA,GATACA,574.T1_RD1_01_33097.mzXML,574.T1,ATTACGTATCAT,CCGGACTACHVGGGTWTCTAAT,Plate1,D01,806rcbc250,ATT ACG TAT CAT CCG GAC TAC HVG GGT WTC TAA T,3_20_18,574,C,1,574.T1,NA,non_Co-house.1.fecal,19.1,non_Co-house,fecal,NA,NA,NA,19.1,220,0.947522055,11.13556183,7.373009945,NA,574.T1,G1
573.T1_RC12_01_33095,GATACA,GATACA,573.T1_RC12_01_33095.mzXML,573.T1,CCATGTGGCTCC,CCGGACTACHVGGGTWTCTAAT,Plate1,C12,806rcbc249,CCA TGT GGC TCC CCG GAC TAC HVG GGT WTC TAA T,3_20_18,573,B,1,573.T1,NA,non_Co-house.1.fecal,18.4,non_Co-house,fecal,NA,NA,NA,18.4,340,0.963102684,11.36831488,8.099106985,NA,573.T1,G1
572.T1_RC11_01_33094,GATACA,GATACA,572.T1_RC11_01_33094.mzXML,572.T1,TGAGACCCTACA,CCGGACTACHVGGGTWTCTAAT,Plate1,C11,806rcbc248,TGA GAC CCT ACA CCG GAC TAC HVG GGT WTC TAA T,3_20_18,572,B,1,572.T1,NA,non_Co-house.1.fecal,18.7,non_Co-house,fecal,NA,NA,NA,18.7,291,0.949434032,9.051821577,7.770999201,NA,572.T1,G1
571.T1_RC10_01_33093,GATACA,GATACA,571.T1_RC10_01_33093.mzXML,571.T1,GTCAACGCTGTC,CCGGACTACHVGGGTWTCTAAT,Plate1,C10,806rcbc247,GTC AAC GCT GTC CCG GAC TAC HVG GGT WTC TAA T,3_20_18,571,A,1,571.T1,NA,non_Co-house.1.fecal,17.9,non_Co-house,fecal,NA,NA,NA,17.9,275,0.962944893,11.81126257,7.803019612,NA,571.T1,G1
570.T1_RC9_01_33092,GATACA,GATACA,570.T1_RC9_01_33092.mzXML,570.T1,GTTGATACGATG,CCGGACTACHVGGGTWTCTAAT,Plate1,C09,806rcbc246,GTT GAT ACG ATG CCG GAC TAC HVG GGT WTC TAA T,3_20_18,570,A,1,570.T1,NA,non_Co-house.1.fecal,17.6,non_Co-house,fecal,NA,NA,NA,17.6,237,0.952322482,9.996756629,7.512627549,NA,570.T1,G1
603.T2_RH12_01_33163,GATACA,GATACA,603.T2_RH12_01_33163.mzXML,603.T2,CGATCTTCGAGC,CCGGACTACHVGGGTWTCTAAT,Plate1,H12,806rcbc191,CGA TCT TCG AGC CCG GAC TAC HVG GGT WTC TAA T,3_16_18,603,Q,2,603.T2,NA,Co-house.2.fecal,21,Co-house,fecal,NA,NA,NA,21,442,0.960223817,13.12584466,8.43835334,NA,603.T2,G1
601.T2_RH10_01_33161,GATACA,GATACA,601.T2_RH10_01_33161.mzXML,601.T2,TGTAAGACTTGG,CCGGACTACHVGGGTWTCTAAT,Plate1,H10,806rcbc189,TGT AAG ACT TGG CCG GAC TAC HVG GGT WTC TAA T,3_16_18,601,P,2,601.T2,NA,Co-house.2.fecal,20.4,Co-house,fecal,NA,NA,NA,20.4,427,0.949844292,15.11029608,8.299827057,NA,601.T2,G1
599.T2_RH8_01_33159,GATACA,GATACA,599.T2_RH8_01_33159.mzXML,599.T2,TATGTGCCGGCT,CCGGACTACHVGGGTWTCTAAT,Plate1,H08,806rcbc187,TAT GTG CCG GCT CCG GAC TAC HVG GGT WTC TAA T,3_15_18,599,O,2,599.T2,NA,Co-house.2.fecal,20.4,Co-house,fecal,NA,NA,NA,20.4,181,0.915501708,10.5269882,6.866121723,NA,599.T2,G1
597.T2_RH6_01_33157,GATACA,GATACA,597.T2_RH6_01_33157.mzXML,597.T2,GGTTCGGTCCAT,CCGGACTACHVGGGTWTCTAAT,Plate1,H06,806rcbc185,GGT TCG GTC CAT CCG GAC TAC HVG GGT WTC TAA T,3_15_18,597,N,2,597.T2,NA,Co-house.2.fecal,21.4,Co-house,fecal,NA,NA,NA,21.4,162,0.951756889,10.92893724,6.985752803,NA,597.T2,G1
595.T2_RH4_01_33155,GATACA,GATACA,595.T2_RH4_01_33155.mzXML,595.T2,CTGTCAGTGACC,CCGGACTACHVGGGTWTCTAAT,Plate1,H04,806rcbc183,CTG TCA GTG ACC CCG GAC TAC HVG GGT WTC TAA T,3_15_18,595,M,2,595.T2,NA,Co-house.2.fecal,23.1,Co-house,fecal,NA,NA,NA,23.1,159,0.931787928,9.056481804,6.814056058,NA,595.T2,G1
593.T2_RH2_01_33153,GATACA,GATACA,593.T2_RH2_01_33153.mzXML,593.T2,GCTTGAGCTTGA,CCGGACTACHVGGGTWTCTAAT,Plate1,H02,806rcbc181,GCT TGA GCT TGA CCG GAC TAC HVG GGT WTC TAA T,3_15_18,593,L,2,593.T2,NA,Co-house.2.fecal,20,Co-house,fecal,NA,NA,NA,20,167,0.949706843,8.670640913,7.012354494,NA,593.T2,G1
591.T2_RG12_01_33150,GATACA,GATACA,591.T2_RG12_01_33150.mzXML,591.T2,TTGACCGCGGTT,CCGGACTACHVGGGTWTCTAAT,Plate1,G12,806rcbc179,TTG ACC GCG GTT CCG GAC TAC HVG GGT WTC TAA T,3_15_18,591,k,2,591.T2,NA,Co-house.2.fecal,21.5,Co-house,fecal,NA,NA,NA,21.5,137,0.949619115,10.01904971,6.740426941,NA,591.T2,G1
589.T2_RG10_01_33148,GATACA,GATACA,589.T2_RG10_01_33148.mzXML,589.T2,TTGATCCGGTAG,CCGGACTACHVGGGTWTCTAAT,Plate1,G10,806rcbc177,TTG ATC CGG TAG CCG GAC TAC HVG GGT WTC TAA T,3_15_18,589,J,2,589.T2,NA,Co-house.2.fecal,21,Co-house,fecal,NA,NA,NA,21,112,0.946462679,9.307767122,6.442907375,NA,589.T2,G1
602.T2_RH11_01_33162,GATACA,GATACA,602.T2_RH11_01_33162.mzXML,602.T2,CGGATCTAGTGT,CCGGACTACHVGGGTWTCTAAT,Plate1,H11,806rcbc190,CGG ATC TAG TGT CCG GAC TAC HVG GGT WTC TAA T,3_16_18,602,Q,2,602.T2,NA,Co-house.2.fecal,19.3,Co-house,fecal,NA,NA,NA,19.3,440,0.944511692,13.68819541,8.294096917,NA,602.T2,G1
600.T2_RH9_01_33160,GATACA,GATACA,600.T2_RH9_01_33160.mzXML,600.T2,TGGTCGCATCGT,CCGGACTACHVGGGTWTCTAAT,Plate1,H09,806rcbc188,TGG TCG CAT CGT CCG GAC TAC HVG GGT WTC TAA T,3_15_18,600,P,2,600.T2,NA,Co-house.2.fecal,18.1,Co-house,fecal,NA,NA,NA,18.1,352,0.935192639,13.02191345,7.91119818,NA,600.T2,G1
598.T2_RH7_01_33158,GATACA,GATACA,598.T2_RH7_01_33158.mzXML,598.T2,CTGATCCATCTT,CCGGACTACHVGGGTWTCTAAT,Plate1,H07,806rcbc186,CTG ATC CAT CTT CCG GAC TAC HVG GGT WTC TAA T,3_15_18,598,O,2,598.T2,NA,Co-house.2.fecal,18.4,Co-house,fecal,NA,NA,NA,18.4,197,0.93726935,10.29849089,7.143915552,NA,598.T2,G1
596.T2_RH5_01_33156,GATACA,GATACA,596.T2_RH5_01_33156.mzXML,596.T2,ACGATTCGAGTC,CCGGACTACHVGGGTWTCTAAT,Plate1,H05,806rcbc184,ACG ATT CGA GTC CCG GAC TAC HVG GGT WTC TAA T,3_15_18,596,N,2,596.T2,NA,Co-house.2.fecal,18.7,Co-house,fecal,NA,NA,NA,18.7,113,0.945810658,7.88064607,6.450597954,NA,596.T2,G1
594.T2_RH3_01_33154,GATACA,GATACA,594.T2_RH3_01_33154.mzXML,594.T2,CGCTGTGGATTA,CCGGACTACHVGGGTWTCTAAT,Plate1,H03,806rcbc182,CGC TGT GGA TTA CCG GAC TAC HVG GGT WTC TAA T,3_15_18,594,M,2,594.T2,NA,Co-house.2.fecal,17.7,Co-house,fecal,NA,NA,NA,17.7,234,0.959537809,8.611905557,7.551912522,NA,594.T2,G1
592.T2_RH1_01_33152,GATACA,GATACA,592.T2_RH1_01_33152.mzXML,592.T2,GTGCAACCAATC,CCGGACTACHVGGGTWTCTAAT,Plate1,H01,806rcbc180,GTG CAA CCA ATC CCG GAC TAC HVG GGT WTC TAA T,3_15_18,592,L,2,592.T2,NA,Co-house.2.fecal,18.3,Co-house,fecal,NA,NA,NA,18.3,160,0.940464562,9.664476432,6.886013896,NA,592.T2,G1
590.T2_RG11_01_33149,GATACA,GATACA,590.T2_RG11_01_33149.mzXML,590.T2,CGGGTGTTTGCT,CCGGACTACHVGGGTWTCTAAT,Plate1,G11,806rcbc178,CGG GTG TTT GCT CCG GAC TAC HVG GGT WTC TAA T,3_15_18,590,K,2,590.T2,NA,Co-house.2.fecal,17.2,Co-house,fecal,NA,NA,NA,17.2,239,0.955514961,12.62236083,7.549396442,NA,590.T2,G1
588.T2_RG9_01_33147,GATACA,GATACA,588.T2_RG9_01_33147.mzXML,588.T2,TAATCGGTGCCA,CCGGACTACHVGGGTWTCTAAT,Plate1,G09,806rcbc176,TAA TCG GTG CCA CCG GAC TAC HVG GGT WTC TAA T,3_15_18,588,J,2,588.T2,NA,Co-house.2.fecal,15,Co-house,fecal,NA,NA,NA,15,231,0.9531486,10.82013697,7.483883603,NA,588.T2,G1
586.T2_RG8_01_33146,GATACA,GATACA,586.T2_RG8_01_33146.mzXML,586.T2,TCGTCAAACCCG,CCGGACTACHVGGGTWTCTAAT,Plate1,G08,806rcbc175,TCG TCA AAC CCG CCG GAC TAC HVG GGT WTC TAA T,3_15_18,586,I,2,586.T2,NA,non_Co-house.2.fecal,23,non_Co-house,fecal,NA,NA,NA,23,110,0.943319358,8.75528832,6.39698789,NA,586.T2,G1
585.T2_RG7_01_33145,GATACA,GATACA,585.T2_RG7_01_33145.mzXML,585.T2,AGTTGTAGTCCG,CCGGACTACHVGGGTWTCTAAT,Plate1,G07,806rcbc174,AGT TGT AGT CCG CCG GAC TAC HVG GGT WTC TAA T,3_15_18,585,H,2,585.T2,NA,non_Co-house.2.fecal,22.3,non_Co-house,fecal,NA,NA,NA,22.3,125,0.95660035,10.46029025,6.663471682,NA,585.T2,G1
584.T2_RG6_01_33144,GATACA,GATACA,584.T2_RG6_01_33144.mzXML,584.T2,AACGTAGGCTCT,CCGGACTACHVGGGTWTCTAAT,Plate1,G06,806rcbc173,AAC GTA GGC TCT CCG GAC TAC HVG GGT WTC TAA T,3_15_18,584,H,2,584.T2,NA,non_Co-house.2.fecal,23.2,non_Co-house,fecal,NA,NA,NA,23.2,179,0.948785247,11.10662317,7.100534003,NA,584.T2,G1
583.T2_RG5_01_33143,GATACA,GATACA,583.T2_RG5_01_33143.mzXML,583.T2,CACTGGTGCATA,CCGGACTACHVGGGTWTCTAAT,Plate1,G05,806rcbc172,CAC TGG TGC ATA CCG GAC TAC HVG GGT WTC TAA T,3_15_18,583,G,2,583.T2,NA,non_Co-house.2.fecal,22,non_Co-house,fecal,NA,NA,NA,22,200,0.956005616,10.34282237,7.307569445,NA,583.T2,G1
582.T2_RG4_01_33142,GATACA,GATACA,582.T2_RG4_01_33142.mzXML,582.T2,TGGGTCCCACAT,CCGGACTACHVGGGTWTCTAAT,Plate1,G04,806rcbc171,TGG GTC CCA CAT CCG GAC TAC HVG GGT WTC TAA T,3_15_18,582,G,2,582.T2,NA,non_Co-house.2.fecal,20.5,non_Co-house,fecal,NA,NA,NA,20.5,197,0.938595477,11.90282776,7.154023366,NA,582.T2,G1
581.T2_RG3_01_33141,GATACA,GATACA,581.T2_RG3_01_33141.mzXML,581.T2,CCTAACGGTCCA,CCGGACTACHVGGGTWTCTAAT,Plate1,G03,806rcbc195,CCT AAC GGT CCA CCG GAC TAC HVG GGT WTC TAA T,3_19_20,581,F,2,581.T2,NA,non_Co-house.2.fecal,22.4,non_Co-house,fecal,NA,NA,NA,22.4,133,0.928527795,9.564013369,6.551025846,NA,581.T2,G1
580.T2_RG2_01_33140,GATACA,GATACA,580.T2_RG2_01_33140.mzXML,580.T2,TCTGCACTGAGC,CCGGACTACHVGGGTWTCTAAT,Plate1,G02,806rcbc169,TCT GCA CTG AGC CCG GAC TAC HVG GGT WTC TAA T,3_15_18,580,F,2,580.T2,NA,non_Co-house.2.fecal,21.1,non_Co-house,fecal,NA,NA,NA,21.1,173,0.944113861,10.33536798,7.019135562,NA,580.T2,G1
578.T2_RG1_01_33139,GATACA,GATACA,578.T2_RG1_01_33139.mzXML,578.T2,TTAAGACAGTCG,CCGGACTACHVGGGTWTCTAAT,Plate1,G01,806rcbc168,TTA AGA CAG TCG CCG GAC TAC HVG GGT WTC TAA T,3_15_18,578,E,2,578.T2,NA,non_Co-house.2.fecal,21.9,non_Co-house,fecal,NA,NA,NA,21.9,198,0.951497452,11.60556033,7.259313386,NA,578.T2,G1
577.T2_RF12_01_33137,GATACA,GATACA,577.T2_RF12_01_33137.mzXML,577.T2,CGCTACAACTCG,CCGGACTACHVGGGTWTCTAAT,Plate1,F12,806rcbc167,CGC TAC AAC TCG CCG GAC TAC HVG GGT WTC TAA T,3_15_18,577,D,2,577.T2,NA,non_Co-house.2.fecal,19.2,non_Co-house,fecal,NA,NA,NA,19.2,165,0.944217358,8.398510715,6.9554093,NA,577.T2,G1
576.T2_RF11_01_33136,GATACA,GATACA,576.T2_RF11_01_33136.mzXML,576.T2,CGTGACAATAGT,CCGGACTACHVGGGTWTCTAAT,Plate1,F11,806rcbc166,CGT GAC AAT AGT CCG GAC TAC HVG GGT WTC TAA T,3_15_18,576,D,2,576.T2,NA,non_Co-house.2.fecal,17.9,non_Co-house,fecal,NA,NA,NA,17.9,260,0.949158178,11.03088071,7.61449602,NA,576.T2,G1
575.T2_RF10_01_33135,GATACA,GATACA,575.T2_RF10_01_33135.mzXML,575.T2,TGCCGTATGCCA,CCGGACTACHVGGGTWTCTAAT,Plate1,F10,806rcbc165,TGC CGT ATG CCA CCG GAC TAC HVG GGT WTC TAA T,3_15_18,575,C,2,575.T2,NA,non_Co-house.2.fecal,18.8,non_Co-house,fecal,NA,NA,NA,18.8,202,0.959880274,11.14785073,7.350966139,NA,575.T2,G1
574.T2_RF9_01_33134,GATACA,GATACA,574.T2_RF9_01_33134.mzXML,574.T2,TTAACCTTCCTG,CCGGACTACHVGGGTWTCTAAT,Plate1,F09,806rcbc164,TTA ACC TTC CTG CCG GAC TAC HVG GGT WTC TAA T,3_15_18,574,C,2,574.T2,NA,non_Co-house.2.fecal,19.6,non_Co-house,fecal,NA,NA,NA,19.6,214,0.949859799,10.35726343,7.353308272,NA,574.T2,G1
573.T2_RF8_01_33133,GATACA,GATACA,573.T2_RF8_01_33133.mzXML,573.T2,CACCTTACCTTA,CCGGACTACHVGGGTWTCTAAT,Plate1,F08,806rcbc163,CAC CTT ACC TTA CCG GAC TAC HVG GGT WTC TAA T,3_15_18,573,B,2,573.T2,NA,non_Co-house.2.fecal,18.3,non_Co-house,fecal,NA,NA,NA,18.3,204,0.95665644,10.48028228,7.339875116,NA,573.T2,G1
572.T2_RF7_01_33132,GATACA,GATACA,572.T2_RF7_01_33132.mzXML,572.T2,TGGCAAATCTAG,CCGGACTACHVGGGTWTCTAAT,Plate1,F07,806rcbc162,TGG CAA ATC TAG CCG GAC TAC HVG GGT WTC TAA T,3_15_18,572,B,2,572.T2,NA,non_Co-house.2.fecal,18.6,non_Co-house,fecal,NA,NA,NA,18.6,189,0.952101915,10.68346583,7.200025492,NA,572.T2,G1
571.T2_RF6_01_33131,GATACA,GATACA,571.T2_RF6_01_33131.mzXML,571.T2,ACACGCGGTTTA,CCGGACTACHVGGGTWTCTAAT,Plate1,F06,806rcbc161,ACA CGC GGT TTA CCG GAC TAC HVG GGT WTC TAA T,3_15_18,571,A,2,571.T2,NA,non_Co-house.2.fecal,18.2,non_Co-house,fecal,NA,NA,NA,18.2,129,0.953319721,9.423279218,6.683941209,NA,571.T2,G1
570.T2_RF5_01_33130,GATACA,GATACA,570.T2_RF5_01_33130.mzXML,570.T2,AGTGTTTCGGAC,CCGGACTACHVGGGTWTCTAAT,Plate1,F05,806rcbc160,AGT GTT TCG GAC CCG GAC TAC HVG GGT WTC TAA T,3_15_18,570,A,2,570.T2,NA,non_Co-house.2.fecal,17.6,non_Co-house,fecal,NA,NA,NA,17.6,228,0.939512669,12.16292973,7.359099402,NA,570.T2,G1
603.T3_BC8_01_33200,GATACA,GATACA,603.T3_BC8_01_33200.mzXML,603.T3,AGTTACGAGCTA,CCGGACTACHVGGGTWTCTAAT,Plate2,C08,806rcbc31,AGT TAC GAG CTA CCG GAC TAC HVG GGT WTC TAA T,3_16_18,603,Q,3,603.T3,NA,Co-house.3.fecal,24,Co-house,fecal,NA,NA,NA,24,263,0.951294409,12.35496086,7.647378687,NA,603.T3,G1
601.T3_BC6_01_33198,GATACA,GATACA,601.T3_BC6_01_33198.mzXML,601.T3,CAAATTCGGGAT,CCGGACTACHVGGGTWTCTAAT,Plate2,C06,806rcbc29,CAA ATT CGG GAT CCG GAC TAC HVG GGT WTC TAA T,3_16_18,601,P,3,601.T3,NA,Co-house.3.fecal,22.4,Co-house,fecal,NA,NA,NA,22.4,63,0.946847905,7.123152034,5.659574972,NA,601.T3,G1
599.T3_BC4_01_33196,GATACA,GATACA,599.T3_BC4_01_33196.mzXML,599.T3,GTATCTGCGCGT,CCGGACTACHVGGGTWTCTAAT,Plate2,C04,806rcbc27,GTA TCT GCG CGT CCG GAC TAC HVG GGT WTC TAA T,3_16_18,599,O,3,599.T3,NA,Co-house.3.fecal,20,Co-house,fecal,NA,NA,NA,20,24,0.870031027,3.815009949,3.989059635,NA,599.T3,G1
597.T3_BC2_01_33194,GATACA,GATACA,597.T3_BC2_01_33194.mzXML,597.T3,CGAGCAATCCTA,CCGGACTACHVGGGTWTCTAAT,Plate2,C02,806rcbc25,CGA GCA ATC CTA CCG GAC TAC HVG GGT WTC TAA T,3_16_18,597,N,3,597.T3,NA,Co-house.3.fecal,23.1,Co-house,fecal,NA,NA,NA,23.1,146,0.961570629,10.22410816,6.913524124,NA,597.T3,G1
595.T3_BB12_01_33191,GATACA,GATACA,595.T3_BB12_01_33191.mzXML,595.T3,GCAACACCATCC,CCGGACTACHVGGGTWTCTAAT,Plate2,B12,806rcbc23,GCA ACA CCA TCC CCG GAC TAC HVG GGT WTC TAA T,3_16_18,595,M,3,595.T3,NA,Co-house.3.fecal,24.3,Co-house,fecal,NA,NA,NA,24.3,157,0.957508686,10.20081756,6.984662726,NA,595.T3,G1
593.T3_BB10_01_33189,GATACA,GATACA,593.T3_BB10_01_33189.mzXML,593.T3,TTACACAAAGGC,CCGGACTACHVGGGTWTCTAAT,Plate2,B10,806rcbc260,TTA CAC AAA GGC CCG GAC TAC HVG GGT WTC TAA T,3_20_18,593,L,3,593.T3,NA,Co-house.3.fecal,20.6,Co-house,fecal,NA,NA,NA,20.6,200,0.920699872,10.35849807,7.037697414,NA,593.T3,G1
591.T3_BB8_01_33187,GATACA,GATACA,591.T3_BB8_01_33187.mzXML,591.T3,CCAATACGCCTG,CCGGACTACHVGGGTWTCTAAT,Plate2,B08,806rcbc19,CCA ATA CGC CTG CCG GAC TAC HVG GGT WTC TAA T,3_16_18,591,k,3,591.T3,NA,Co-house.3.fecal,24,Co-house,fecal,NA,NA,NA,24,239,0.931970045,10.6712515,7.363371191,NA,591.T3,G1
589.T3_BB6_01_33185,GATACA,GATACA,589.T3_BB6_01_33185.mzXML,589.T3,TAACGTGTGTGC,CCGGACTACHVGGGTWTCTAAT,Plate2,B06,806rcbc17,TAA CGT GTG TGC CCG GAC TAC HVG GGT WTC TAA T,3_16_18,589,J,3,589.T3,NA,Co-house.3.fecal,23.1,Co-house,fecal,NA,NA,NA,23.1,339,0.962794239,10.2029533,8.09242178,NA,589.T3,G1
602.T3_BC7_01_33199,GATACA,GATACA,602.T3_BC7_01_33199.mzXML,602.T3,AGATTGACCAAC,CCGGACTACHVGGGTWTCTAAT,Plate2,C07,806rcbc30,AGA TTG ACC AAC CCG GAC TAC HVG GGT WTC TAA T,3_16_18,602,Q,3,602.T3,NA,Co-house.3.fecal,21.6,Co-house,fecal,NA,NA,NA,21.6,267,0.953462053,11.10760121,7.685567691,NA,602.T3,G1
600.T3_BC5_01_33197,GATACA,GATACA,600.T3_BC5_01_33197.mzXML,600.T3,CGAGGGAAAGTC,CCGGACTACHVGGGTWTCTAAT,Plate2,C05,806rcbc28,CGA GGG AAA GTC CCG GAC TAC HVG GGT WTC TAA T,3_16_18,600,P,3,600.T3,NA,Co-house.3.fecal,20.5,Co-house,fecal,NA,NA,NA,20.5,352,0.960313702,11.78138285,8.123708094,NA,600.T3,G1
598.T3_BC3_01_33195,GATACA,GATACA,598.T3_BC3_01_33195.mzXML,598.T3,AGTCGTGCACAT,CCGGACTACHVGGGTWTCTAAT,Plate2,C03,806rcbc26,AGT CGT GCA CAT CCG GAC TAC HVG GGT WTC TAA T,3_16_18,598,O,3,598.T3,NA,Co-house.3.fecal,19.9,Co-house,fecal,NA,NA,NA,19.9,268,0.955836564,10.12105712,7.709862974,NA,598.T3,G1
596.T3_BC1_01_33193,GATACA,GATACA,596.T3_BC1_01_33193.mzXML,596.T3,GCGATATATCGC,CCGGACTACHVGGGTWTCTAAT,Plate2,C01,806rcbc24,GCG ATA TAT CGC CCG GAC TAC HVG GGT WTC TAA T,3_16_18,596,N,3,596.T3,NA,Co-house.3.fecal,21.9,Co-house,fecal,NA,NA,NA,21.9,116,0.930768207,9.073180823,6.383190675,NA,596.T3,G1
594.T3_BB11_01_33190,GATACA,GATACA,594.T3_BB11_01_33190.mzXML,594.T3,CAAACAACAGCT,CCGGACTACHVGGGTWTCTAAT,Plate2,B11,806rcbc22,CAA ACA ACA GCT CCG GAC TAC HVG GGT WTC TAA T,3_16_18,594,M,3,594.T3,NA,Co-house.3.fecal,20,Co-house,fecal,NA,NA,NA,20,228,0.953126612,10.3985242,7.465735924,NA,594.T3,G1
592.T3_BB9_01_33188,GATACA,GATACA,592.T3_BB9_01_33188.mzXML,592.T3,GATCTGCGATCC,CCGGACTACHVGGGTWTCTAAT,Plate2,B09,806rcbc20,GAT CTG CGA TCC CCG GAC TAC HVG GGT WTC TAA T,3_16_18,592,L,3,592.T3,NA,Co-house.3.fecal,20.1,Co-house,fecal,NA,NA,NA,20.1,111,0.956202131,9.019660183,6.496834932,NA,592.T3,G1
590.T3_BB7_01_33186,GATACA,GATACA,590.T3_BB7_01_33186.mzXML,590.T3,CATTATGGCGTG,CCGGACTACHVGGGTWTCTAAT,Plate2,B07,806rcbc18,CAT TAT GGC GTG CCG GAC TAC HVG GGT WTC TAA T,3_16_18,590,K,3,590.T3,NA,Co-house.3.fecal,19.2,Co-house,fecal,NA,NA,NA,19.2,221,0.963681458,11.68897607,7.505057296,NA,590.T3,G1
588.T3_BB5_01_33184,GATACA,GATACA,588.T3_BB5_01_33184.mzXML,588.T3,GTAGATCGTGTA,CCGGACTACHVGGGTWTCTAAT,Plate2,B05,806rcbc16,GTA GAT CGT GTA CCG GAC TAC HVG GGT WTC TAA T,3_16_18,588,J,3,588.T3,NA,Co-house.3.fecal,13.7,Co-house,fecal,NA,NA,NA,13.7,225,0.943499151,12.2529214,7.372295918,NA,588.T3,G1
586.T3_BB4_01_33183,GATACA,GATACA,586.T3_BB4_01_33183.mzXML,586.T3,GAATACCAAGTC,CCGGACTACHVGGGTWTCTAAT,Plate2,B04,806rcbc15,GAA TAC CAA GTC CCG GAC TAC HVG GGT WTC TAA T,3_16_18,586,I,3,586.T3,NA,non_Co-house.3.fecal,25.8,non_Co-house,fecal,NA,NA,NA,25.8,140,0.948862006,10.64151918,6.764705788,NA,586.T3,G1
585.T3_BB3_01_33182,GATACA,GATACA,585.T3_BB3_01_33182.mzXML,585.T3,ACCAGTGACTCA,CCGGACTACHVGGGTWTCTAAT,Plate2,B03,806rcbc14,ACC AGT GAC TCA CCG GAC TAC HVG GGT WTC TAA T,3_16_18,585,H,3,585.T3,NA,non_Co-house.3.fecal,24.4,non_Co-house,fecal,NA,NA,NA,24.4,197,0.957517398,12.389246,7.298247224,NA,585.T3,G1
584.T3_BB2_01_33181,GATACA,GATACA,584.T3_BB2_01_33181.mzXML,584.T3,AGTCGAACGAGG,CCGGACTACHVGGGTWTCTAAT,Plate2,B02,806rcbc13,AGT CGA ACG AGG CCG GAC TAC HVG GGT WTC TAA T,3_16_18,584,H,3,584.T3,NA,non_Co-house.3.fecal,27.2,non_Co-house,fecal,NA,NA,NA,27.2,318,0.959519918,8.293748927,7.976376768,NA,584.T3,G1
583.T3_BB1_01_33180,GATACA,GATACA,583.T3_BB1_01_33180.mzXML,583.T3,TGCATACACTGG,CCGGACTACHVGGGTWTCTAAT,Plate2,B01,806rcbc12,TGC ATA CAC TGG CCG GAC TAC HVG GGT WTC TAA T,3_16_18,583,G,3,583.T3,NA,non_Co-house.3.fecal,24.8,non_Co-house,fecal,NA,NA,NA,24.8,210,0.946451615,12.76324123,7.301160129,NA,583.T3,G1
582.T3_BA12_01_33178,GATACA,GATACA,582.T3_BA12_01_33178.mzXML,582.T3,AATTGTGTCGGA,CCGGACTACHVGGGTWTCTAAT,Plate2,A12,806rcbc11,AAT TGT GTC GGA CCG GAC TAC HVG GGT WTC TAA T,3_16_18,582,G,3,582.T3,NA,non_Co-house.3.fecal,23.1,non_Co-house,fecal,NA,NA,NA,23.1,233,0.957713969,12.64963966,7.531640923,NA,582.T3,G1
581.T3_BA11_01_33177,GATACA,GATACA,581.T3_BA11_01_33177.mzXML,581.T3,ACCGGTATGTAC,CCGGACTACHVGGGTWTCTAAT,Plate2,A11,806rcbc10,ACC GGT ATG TAC CCG GAC TAC HVG GGT WTC TAA T,3_16_18,581,F,3,581.T3,NA,non_Co-house.3.fecal,24.7,non_Co-house,fecal,NA,NA,NA,24.7,184,0.961254863,11.09803755,7.232060519,NA,581.T3,G1
580.T3_BA10_01_33176,GATACA,GATACA,580.T3_BA10_01_33176.mzXML,580.T3,TACAGCGCATAC,CCGGACTACHVGGGTWTCTAAT,Plate2,A10,806rcbc9,TAC AGC GCA TAC CCG GAC TAC HVG GGT WTC TAA T,3_16_18,580,F,3,580.T3,NA,non_Co-house.3.fecal,24.1,non_Co-house,fecal,NA,NA,NA,24.1,247,0.961198367,8.858065241,7.639957599,NA,580.T3,G1
578.T3_BA9_01_33175,GATACA,GATACA,578.T3_BA9_01_33175.mzXML,578.T3,CGCGCCTTAAAC,CCGGACTACHVGGGTWTCTAAT,Plate2,A09,806rcbc196,CGC GCC TTA AAC CCG GAC TAC HVG GGT WTC TAA T,3_19_20,578,E,3,578.T3,NA,non_Co-house.3.fecal,24.1,non_Co-house,fecal,NA,NA,NA,24.1,337,0.965425002,13.71929386,8.106292187,NA,578.T3,G1
577.T3_BA8_01_33174,GATACA,GATACA,577.T3_BA8_01_33174.mzXML,577.T3,AGCGGAGGTTAG,CCGGACTACHVGGGTWTCTAAT,Plate2,A08,806rcbc7,AGC GGA GGT TAG CCG GAC TAC HVG GGT WTC TAA T,3_16_18,577,D,3,577.T3,NA,non_Co-house.3.fecal,19.5,non_Co-house,fecal,NA,NA,NA,19.5,215,0.956288451,9.21945073,7.409507334,NA,577.T3,G1
576.T3_BA7_01_33173,GATACA,GATACA,576.T3_BA7_01_33173.mzXML,576.T3,GTCGTGTAGCCT,CCGGACTACHVGGGTWTCTAAT,Plate2,A07,806rcbc6,GTC GTG TAG CCT CCG GAC TAC HVG GGT WTC TAA T,3_16_18,576,D,3,576.T3,NA,non_Co-house.3.fecal,18.2,non_Co-house,fecal,NA,NA,NA,18.2,230,0.951621187,10.63930258,7.465934555,NA,576.T3,G1
575.T3_BA6_01_33172,GATACA,GATACA,575.T3_BA6_01_33172.mzXML,575.T3,ATCGCACAGTAA,CCGGACTACHVGGGTWTCTAAT,Plate2,A06,806rcbc5,ATC GCA CAG TAA CCG GAC TAC HVG GGT WTC TAA T,3_16_18,575,C,3,575.T3,NA,non_Co-house.3.fecal,19.2,non_Co-house,fecal,NA,NA,NA,19.2,254,0.952570417,11.95973601,7.6097847,NA,575.T3,G1
574.T3_BA5_01_33171,GATACA,GATACA,574.T3_BA5_01_33171.mzXML,574.T3,TGGTCAACGATA,CCGGACTACHVGGGTWTCTAAT,Plate2,A05,806rcbc4,TGG TCA ACG ATA CCG GAC TAC HVG GGT WTC TAA T,3_16_18,574,C,3,574.T3,NA,non_Co-house.3.fecal,20.1,non_Co-house,fecal,NA,NA,NA,20.1,218,0.944582692,11.91967661,7.337692463,NA,574.T3,G1
573.T3_BA4_01_33170,GATACA,GATACA,573.T3_BA4_01_33170.mzXML,573.T3,ATCACCAGGTGT,CCGGACTACHVGGGTWTCTAAT,Plate2,A04,806rcbc3,ATC ACC AGG TGT CCG GAC TAC HVG GGT WTC TAA T,3_16_18,573,B,3,573.T3,NA,non_Co-house.3.fecal,19.7,non_Co-house,fecal,NA,NA,NA,19.7,265,0.947056552,13.66576974,7.62366181,NA,573.T3,G1
572.T3_BA3_01_33169,GATACA,GATACA,572.T3_BA3_01_33169.mzXML,572.T3,GCTGTACGGATT,CCGGACTACHVGGGTWTCTAAT,Plate2,A03,806rcbc2,GCT GTA CGG ATT CCG GAC TAC HVG GGT WTC TAA T,3_16_18,572,B,3,572.T3,NA,non_Co-house.3.fecal,18.9,non_Co-house,fecal,NA,NA,NA,18.9,139,0.950884181,11.03420371,6.76928845,NA,572.T3,G1
571.T3_BA2_01_33168,GATACA,GATACA,571.T3_BA2_01_33168.mzXML,571.T3,ACGAGACTGATT,CCGGACTACHVGGGTWTCTAAT,Plate2,A02,806rcbc1,ACG AGA CTG ATT CCG GAC TAC HVG GGT WTC TAA T,3_16_18,571,A,3,571.T3,NA,non_Co-house.3.fecal,18.4,non_Co-house,fecal,NA,NA,NA,18.4,258,0.964574881,11.42752568,7.72742858,NA,571.T3,G1
570.T3_BA1_01_33166,GATACA,GATACA,570.T3_BA1_01_33166.mzXML,570.T3,TCCCTTGTCTCC,CCGGACTACHVGGGTWTCTAAT,Plate2,A01,806rcbc0,TCC CTT GTC TCC CCG GAC TAC HVG GGT WTC TAA T,3_16_18,570,A,3,570.T3,NA,non_Co-house.3.fecal,18.1,non_Co-house,fecal,NA,NA,NA,18.1,255,0.942113173,11.90019997,7.531585682,NA,570.T3,G1
603.T4_BF4_01_33361,GATACA,GATACA,603.T4_BF4_01_33361.mzXML,603.T4,TATCCAAGCGCA,CCGGACTACHVGGGTWTCTAAT,Plate2,F04,806rcbc262,TAT CCA AGC GCA CCG GAC TAC HVG GGT WTC TAA T,,603,Q,4,603.T4,NA,Co-house.4.fecal,22.6,Co-house,fecal,NA,NA,NA,22.6,258,0.95577423,12.06246159,7.656924563,NA,603.T4,G1
601.T4_BF2_01_33359,GATACA,GATACA,601.T4_BF2_01_33359.mzXML,601.T4,ACGACGCATTTG,CCGGACTACHVGGGTWTCTAAT,Plate2,F02,806rcbc261,ACG ACG CAT TTG CCG GAC TAC HVG GGT WTC TAA T,,601,P,4,601.T4,NA,Co-house.4.fecal,21.2,Co-house,fecal,NA,NA,NA,21.2,224,0.954422074,9.627505681,7.45151188,NA,601.T4,G1
599.T4_BE12_01_33356,GATACA,GATACA,599.T4_BE12_01_33356.mzXML,599.T4,ACAATAGACACC,CCGGACTACHVGGGTWTCTAAT,Plate2,E12,806rcbc59,ACA ATA GAC ACC CCG GAC TAC HVG GGT WTC TAA T,3_17_18,599,O,4,599.T4,NA,Co-house.4.fecal,20.1,Co-house,fecal,NA,NA,NA,20.1,210,0.939228322,10.36643787,7.245437875,NA,599.T4,G1
597.T4_BE11_01_33355,GATACA,GATACA,597.T4_BE11_01_33355.mzXML,597.T4,TATACCGCTGCG,CCGGACTACHVGGGTWTCTAAT,Plate2,E10,806rcbc57,TAT ACC GCT GCG CCG GAC TAC HVG GGT WTC TAA T,3_17_18,597,N,4,597.T4,NA,Co-house.4.fecal,24.7,Co-house,fecal,NA,NA,NA,24.7,229,0.952114184,10.01127703,7.46381712,NA,597.T4,G1
595.T4_BE8_01_33352,GATACA,GATACA,595.T4_BE8_01_33352.mzXML,595.T4,TGTCGCAAATAG,CCGGACTACHVGGGTWTCTAAT,Plate2,E08,806rcbc55,TGT CGC AAA TAG CCG GAC TAC HVG GGT WTC TAA T,3_17_18,595,M,4,595.T4,NA,Co-house.4.fecal,22.7,Co-house,fecal,NA,NA,NA,22.7,252,0.942552305,10.83273132,7.519003576,NA,595.T4,G1
593.T4_BE6_01_33350,GATACA,GATACA,593.T4_BE6_01_33350.mzXML,593.T4,ATGATGAGCCTC,CCGGACTACHVGGGTWTCTAAT,Plate2,E06,806rcbc53,ATG ATG AGC CTC CCG GAC TAC HVG GGT WTC TAA T,3_17_18,593,L,4,593.T4,NA,Co-house.4.fecal,20.5,Co-house,fecal,NA,NA,NA,20.5,294,0.95646999,10.8934705,7.842740528,NA,593.T4,G1
591.T4_BE4_01_33348,GATACA,GATACA,591.T4_BE4_01_33348.mzXML,591.T4,CTATCTCCTGTC,CCGGACTACHVGGGTWTCTAAT,Plate2,E04,806rcbc51,CTA TCT CCT GTC CCG GAC TAC HVG GGT WTC TAA T,3_17_18,591,k,4,591.T4,NA,Co-house.4.fecal,23.7,Co-house,fecal,NA,NA,NA,23.7,294,0.959800346,13.29889792,7.870048357,NA,591.T4,G1
589.T4_BE2_01_33346,GATACA,GATACA,589.T4_BE2_01_33346.mzXML,589.T4,GGCCAGTTCCTA,CCGGACTACHVGGGTWTCTAAT,Plate2,E02,806rcbc49,GGC CAG TTC CTA CCG GAC TAC HVG GGT WTC TAA T,3_17_18,589,J,4,589.T4,NA,Co-house.4.fecal,23.2,Co-house,fecal,NA,NA,NA,23.2,235,0.94565722,12.07458873,7.448485121,NA,589.T4,G1
602.T4_BF3_01_33360,GATACA,GATACA,602.T4_BF3_01_33360.mzXML,602.T4,GCTCGAAGATTC,CCGGACTACHVGGGTWTCTAAT,Plate2,F03,806rcbc62,GCT CGA AGA TTC CCG GAC TAC HVG GGT WTC TAA T,3_17_18,602,Q,4,602.T4,NA,Co-house.4.fecal,20.3,Co-house,fecal,NA,NA,NA,20.3,98,0.942747628,9.152040785,6.236002014,NA,602.T4,G1
600.T4_BF1_01_33358,GATACA,GATACA,600.T4_BF1_01_33358.mzXML,600.T4,CGGTCAATTGAC,CCGGACTACHVGGGTWTCTAAT,Plate2,F01,806rcbc60,CGG TCA ATT GAC CCG GAC TAC HVG GGT WTC TAA T,3_17_18,600,P,4,600.T4,NA,Co-house.4.fecal,19.8,Co-house,fecal,NA,NA,NA,19.8,275,0.944630376,10.98999406,7.654611806,NA,600.T4,G1
598.T4_BE10_01_33354,GATACA,GATACA,598.T4_BE10_01_33354.mzXML,598.T4,AGTTGAGGCATT,CCGGACTACHVGGGTWTCTAAT,Plate2,E11,806rcbc58,AGT TGA GGC ATT CCG GAC TAC HVG GGT WTC TAA T,3_17_18,598,O,4,598.T4,NA,Co-house.4.fecal,21.4,Co-house,fecal,NA,NA,NA,21.4,287,0.941905748,10.20562779,7.690572762,NA,598.T4,G1
596.T4_BE9_01_33353,GATACA,GATACA,596.T4_BE9_01_33353.mzXML,596.T4,CATCCCTCTACT,CCGGACTACHVGGGTWTCTAAT,Plate2,E09,806rcbc56,CAT CCC TCT ACT CCG GAC TAC HVG GGT WTC TAA T,3_17_18,596,N,4,596.T4,NA,Co-house.4.fecal,20.7,Co-house,fecal,NA,NA,NA,20.7,308,0.949735982,10.28039666,7.851264635,NA,596.T4,G1
594.T4_BE7_01_33351,GATACA,GATACA,594.T4_BE7_01_33351.mzXML,594.T4,GTCGACAGAGGA,CCGGACTACHVGGGTWTCTAAT,Plate2,E07,806rcbc54,GTC GAC AGA GGA CCG GAC TAC HVG GGT WTC TAA T,3_17_18,594,M,4,594.T4,NA,Co-house.4.fecal,21.3,Co-house,fecal,NA,NA,NA,21.3,256,0.959528089,9.666499466,7.676224711,NA,594.T4,G1
592.T4_BE5_01_33349,GATACA,GATACA,592.T4_BE5_01_33349.mzXML,592.T4,ACTCACAGGAAT,CCGGACTACHVGGGTWTCTAAT,Plate2,E05,806rcbc52,ACT CAC AGG AAT CCG GAC TAC HVG GGT WTC TAA T,3_17_18,592,L,4,592.T4,NA,Co-house.4.fecal,20.6,Co-house,fecal,NA,NA,NA,20.6,276,0.948804158,12.70419101,7.693401724,NA,592.T4,G1
590.T4_BE3_01_33347,GATACA,GATACA,590.T4_BE3_01_33347.mzXML,590.T4,GATGTTCGCTAG,CCGGACTACHVGGGTWTCTAAT,Plate2,E03,806rcbc50,GAT GTT CGC TAG CCG GAC TAC HVG GGT WTC TAA T,3_17_18,590,K,4,590.T4,NA,Co-house.4.fecal,19,Co-house,fecal,NA,NA,NA,19,248,0.960516619,12.59814904,7.640137745,NA,590.T4,G1
588.T4_BE1_01_33345,GATACA,GATACA,588.T4_BE1_01_33345.mzXML,588.T4,TACTACGTGGCC,CCGGACTACHVGGGTWTCTAAT,Plate2,E01,806rcbc48,TAC TAC GTG GCC CCG GAC TAC HVG GGT WTC TAA T,3_17_18,588,J,4,588.T4,NA,Co-house.4.fecal,18.5,Co-house,fecal,NA,NA,NA,18.5,177,0.960796709,10.82032777,7.174850836,NA,588.T4,G1
586.T4_BD12_01_33217,GATACA,GATACA,586.T4_BD12_01_33217.mzXML,586.T4,CATTCGTGGCGT,CCGGACTACHVGGGTWTCTAAT,Plate2,D12,806rcbc47,CAT TCG TGG CGT CCG GAC TAC HVG GGT WTC TAA T,3_17_18,586,I,4,586.T4,NA,non_Co-house.4.fecal,23.4,non_Co-house,fecal,NA,NA,NA,23.4,300,0.952863106,14.11506808,7.840937737,NA,586.T4,G1
585.T4_BD11_01_33216,GATACA,GATACA,585.T4_BD11_01_33216.mzXML,585.T4,TGTGAATTCGGA,CCGGACTACHVGGGTWTCTAAT,Plate2,D11,806rcbc46,TGT GAA TTC GGA CCG GAC TAC HVG GGT WTC TAA T,3_17_18,585,H,4,585.T4,NA,non_Co-house.4.fecal,25.9,non_Co-house,fecal,NA,NA,NA,25.9,158,0.948072811,10.70425445,6.924515942,NA,585.T4,G1
584.T4_BD10_01_33215,GATACA,GATACA,584.T4_BD10_01_33215.mzXML,584.T4,TCGGAATTAGAC,CCGGACTACHVGGGTWTCTAAT,Plate2,D10,806rcbc45,TCG GAA TTA GAC CCG GAC TAC HVG GGT WTC TAA T,3_17_18,584,H,4,584.T4,NA,non_Co-house.4.fecal,31.1,non_Co-house,fecal,NA,NA,NA,31.1,171,0.939723652,9.324190149,6.970731452,NA,584.T4,G1
583.T4_BD9_01_33214,GATACA,GATACA,583.T4_BD9_01_33214.mzXML,583.T4,TAATACGGATCG,CCGGACTACHVGGGTWTCTAAT,Plate2,D09,806rcbc44,TAA TAC GGA TCG CCG GAC TAC HVG GGT WTC TAA T,3_17_18,583,G,4,583.T4,NA,non_Co-house.4.fecal,26.7,non_Co-house,fecal,NA,NA,NA,26.7,271,0.95387096,13.41994277,7.709327263,NA,583.T4,G1
582.T4_BD8_01_33213,GATACA,GATACA,582.T4_BD8_01_33213.mzXML,582.T4,AAGGCGCTCCTT,CCGGACTACHVGGGTWTCTAAT,Plate2,D08,806rcbc43,AAG GCG CTC CTT CCG GAC TAC HVG GGT WTC TAA T,3_17_18,582,G,4,582.T4,NA,non_Co-house.4.fecal,24.9,non_Co-house,fecal,NA,NA,NA,24.9,263,0.957885745,13.39830522,7.700365907,NA,582.T4,G1
581.T4_BD7_01_33212,GATACA,GATACA,581.T4_BD7_01_33212.mzXML,581.T4,TTGGGTACACGT,CCGGACTACHVGGGTWTCTAAT,Plate2,D07,806rcbc42,TTG GGT ACA CGT CCG GAC TAC HVG GGT WTC TAA T,3_16_18,581,F,4,581.T4,NA,non_Co-house.4.fecal,25.5,non_Co-house,fecal,NA,NA,NA,25.5,151,0.954672927,9.821063045,6.910309037,NA,581.T4,G1
580.T4_BD6_01_33211,GATACA,GATACA,580.T4_BD6_01_33211.mzXML,580.T4,GAGCCATCTGTA,CCGGACTACHVGGGTWTCTAAT,Plate2,D06,806rcbc41,GAG CCA TCT GTA CCG GAC TAC HVG GGT WTC TAA T,3_16_18,580,F,4,580.T4,NA,non_Co-house.4.fecal,25.1,non_Co-house,fecal,NA,NA,NA,25.1,247,0.961198367,8.858065241,7.639957599,NA,580.T4,G1
578.T4_BD5_01_33210,GATACA,GATACA,578.T4_BD5_01_33210.mzXML,578.T4,GAACACTTTGGA,CCGGACTACHVGGGTWTCTAAT,Plate2,D05,806rcbc40,GAA CAC TTT GGA CCG GAC TAC HVG GGT WTC TAA T,3_16_18,578,E,4,578.T4,NA,non_Co-house.4.fecal,25.1,non_Co-house,fecal,NA,NA,NA,25.1,293,0.95300792,13.39380651,7.809668186,NA,578.T4,G1
577.T4_BD4_01_33209,GATACA,GATACA,577.T4_BD4_01_33209.mzXML,577.T4,TCGACATCTCTT,CCGGACTACHVGGGTWTCTAAT,Plate2,D04,806rcbc39,TCG ACA TCT CTT CCG GAC TAC HVG GGT WTC TAA T,3_16_18,577,D,4,577.T4,NA,non_Co-house.4.fecal,20.1,non_Co-house,fecal,NA,NA,NA,20.1,159,0.959084918,9.049278857,7.013675753,NA,577.T4,G1
576.T4_BD3_01_33208,GATACA,GATACA,576.T4_BD3_01_33208.mzXML,576.T4,ACCATAGCTCCG,CCGGACTACHVGGGTWTCTAAT,Plate2,D03,806rcbc38,ACC ATA GCT CCG CCG GAC TAC HVG GGT WTC TAA T,3_16_18,576,D,4,576.T4,NA,non_Co-house.4.fecal,18.6,non_Co-house,fecal,NA,NA,NA,18.6,236,0.957983625,11.93630926,7.55144296,NA,576.T4,G1
575.T4_BD2_01_33207,GATACA,GATACA,575.T4_BD2_01_33207.mzXML,575.T4,TGCAGTCCTCGA,CCGGACTACHVGGGTWTCTAAT,Plate2,D02,806rcbc37,TGC AGT CCT CGA CCG GAC TAC HVG GGT WTC TAA T,3_16_18,575,C,4,575.T4,NA,non_Co-house.4.fecal,19.8,non_Co-house,fecal,NA,NA,NA,19.8,173,0.957882368,11.39745712,7.12149929,NA,575.T4,G1
574.T4_BD1_01_33206,GATACA,GATACA,574.T4_BD1_01_33206.mzXML,574.T4,CACTACGCTAGA,CCGGACTACHVGGGTWTCTAAT,Plate2,D01,806rcbc36,CAC TAC GCT AGA CCG GAC TAC HVG GGT WTC TAA T,3_16_18,574,C,4,574.T4,NA,non_Co-house.4.fecal,20.8,non_Co-house,fecal,NA,NA,NA,20.8,228,0.958064924,14.37292144,7.504417176,NA,574.T4,G1
573.T4_BC12_01_33204,GATACA,GATACA,573.T4_BC12_01_33204.mzXML,573.T4,TACGAGCCCTAA,CCGGACTACHVGGGTWTCTAAT,Plate2,C12,806rcbc35,TAC GAG CCC TAA CCG GAC TAC HVG GGT WTC TAA T,3_16_18,573,B,4,573.T4,NA,non_Co-house.4.fecal,20.6,non_Co-house,fecal,NA,NA,NA,20.6,183,0.956852525,12.11947066,7.191416371,NA,573.T4,G1
572.T4_BC11_01_33203,GATACA,GATACA,572.T4_BC11_01_33203.mzXML,572.T4,TTGCGTTAGCAG,CCGGACTACHVGGGTWTCTAAT,Plate2,C11,806rcbc34,TTG CGT TAG CAG CCG GAC TAC HVG GGT WTC TAA T,3_16_18,572,B,4,572.T4,NA,non_Co-house.4.fecal,20.5,non_Co-house,fecal,NA,NA,NA,20.5,180,0.950882598,11.67040068,7.123872738,NA,572.T4,G1
571.T4_BC10_01_33202,GATACA,GATACA,571.T4_BC10_01_33202.mzXML,571.T4,CAACTCCCGTGA,CCGGACTACHVGGGTWTCTAAT,Plate2,C10,806rcbc33,CAA CTC CCG TGA CCG GAC TAC HVG GGT WTC TAA T,3_16_18,571,A,4,571.T4,NA,non_Co-house.4.fecal,18.9,non_Co-house,fecal,NA,NA,NA,18.9,326,0.961475669,13.13691182,8.027098988,NA,571.T4,G1
570.T4_BC9_01_33201,GATACA,GATACA,570.T4_BC9_01_33201.mzXML,570.T4,GCATATGCACTG,CCGGACTACHVGGGTWTCTAAT,Plate2,C09,806rcbc32,GCA TAT GCA CTG CCG GAC TAC HVG GGT WTC TAA T,3_16_18,570,A,4,570.T4,NA,non_Co-house.4.fecal,18.8,non_Co-house,fecal,NA,NA,NA,18.8,NA,NA,NA,NA,NA,570.T4,G1
603.T5_BA3_01_33400,GATACA,GATACA,603.T5_BA3_01_33400.mzXML,603.T5,GATCCCACGTAC,CCGGACTACHVGGGTWTCTAAT,Plate2,H12,806rcbc95,GAT CCC ACG TAC CCG GAC TAC HVG GGT WTC TAA T,3_19_18,603,Q,5,603.T5,NA,Co-house.5.fecal,22.7,Co-house,fecal,0.447,342.4,12.5,22.7,NA,NA,NA,NA,122,603.T5,G1
601.T5_BA1_01_33398,GATACA,GATACA,601.T5_BA1_01_33398.mzXML,601.T5,TGGAGTAGGTGG,CCGGACTACHVGGGTWTCTAAT,Plate2,H10,806rcbc93,TGG AGT AGG TGG CCG GAC TAC HVG GGT WTC TAA T,3_19_18,601,P,5,601.T5,NA,Co-house.5.fecal,20.8,Co-house,fecal,0.724,522.7,23.4,20.8,NA,NA,NA,NA,163,601.T5,G1
599.T5_BH8_01_33391,GATACA,GATACA,599.T5_BH8_01_33391.mzXML,599.T5,AATGGTTCAGCA,CCGGACTACHVGGGTWTCTAAT,Plate2,H08,806rcbc283,AAT GGT TCA GCA CCG GAC TAC HVG GGT WTC TAA T,,599,O,5,599.T5,NA,Co-house.5.fecal,19.5,Co-house,fecal,0.557,345.2,11.8,19.5,314,0.950951381,11.12385083,7.887781056,132,599.T5,G1
597.T5_BH6_01_33389,GATACA,GATACA,597.T5_BH6_01_33389.mzXML,597.T5,TGAGTCATTGAG,CCGGACTACHVGGGTWTCTAAT,Plate2,H06,806rcbc281,TGA GTC ATT GAG CCG GAC TAC HVG GGT WTC TAA T,3/20/18,597,N,5,597.T5,NA,Co-house.5.fecal,24.4,Co-house,fecal,1.457,263.4,54.6,24.4,308,0.949273702,12.0060729,7.847443064,128,597.T5,G1
595.T5_BH4_01_33387,GATACA,GATACA,595.T5_BH4_01_33387.mzXML,595.T5,GGACTTCCAGCT,CCGGACTACHVGGGTWTCTAAT,Plate2,H04,806rcbc87,GGA CTT CCA GCT CCG GAC TAC HVG GGT WTC TAA T,3_17_18,595,M,5,595.T5,NA,Co-house.5.fecal,22.7,Co-house,fecal,3.52,314.5,14.6,22.7,265,0.948800635,12.10254962,7.637701412,157,595.T5,G1
593.T5_BH2_01_33385,GATACA,GATACA,593.T5_BH2_01_33385.mzXML,593.T5,GCGTTCTAGCTG,CCGGACTACHVGGGTWTCTAAT,Plate2,H02,806rcbc85,GCG TTC TAG CTG CCG GAC TAC HVG GGT WTC TAA T,3_17_18,593,L,5,593.T5,NA,Co-house.5.fecal,20.8,Co-house,fecal,0.275,251.7,20.1,20.8,137,0.950914031,7.785017184,6.7496183,131,593.T5,G1
591.T5_BG12_01_33382,GATACA,GATACA,591.T5_BG12_01_33382.mzXML,591.T5,GTTCTCTTCTCG,CCGGACTACHVGGGTWTCTAAT,Plate2,G12,806rcbc83,GTT CTC TTC TCG CCG GAC TAC HVG GGT WTC TAA T,3_17_18,591,k,5,591.T5,NA,Co-house.5.fecal,24.2,Co-house,fecal,0.723,534.4,19.1,24.2,306,0.956988198,12.88124333,7.902222714,165,591.T5,G1
589.T5_BG10_01_33380,GATACA,GATACA,589.T5_BG10_01_33380.mzXML,589.T5,TGCGCTGAATGT,CCGGACTACHVGGGTWTCTAAT,Plate2,G10,806rcbc81,TGC GCT GAA TGT CCG GAC TAC HVG GGT WTC TAA T,3_17_18,589,J,5,589.T5,NA,Co-house.5.fecal,22.1,Co-house,fecal,0.403,509.9,20.9,22.1,227,0.961842113,11.35336739,7.527903934,160,589.T5,G1
602.T5_BA2_01_33399,GATACA,GATACA,602.T5_BA2_01_33399.mzXML,602.T5,TTGGCTCTATTC,CCGGACTACHVGGGTWTCTAAT,Plate2,H11,806rcbc94,TTG GCT CTA TTC CCG GAC TAC HVG GGT WTC TAA T,3_19_18,602,Q,5,602.T5,NA,Co-house.5.fecal,21.4,Co-house,fecal,0.183,281.6,14.7,21.4,NA,NA,NA,NA,116,602.T5,G1
600.T5_BH9_01_33392,GATACA,GATACA,600.T5_BH9_01_33392.mzXML,600.T5,AGCAGAACATCT,CCGGACTACHVGGGTWTCTAAT,Plate2,H09,806rcbc92,AGC AGA ACA TCT CCG GAC TAC HVG GGT WTC TAA T,3_19_18,600,P,5,600.T5,NA,Co-house.5.fecal,19.8,Co-house,fecal,0.02,206.2,23.7,19.8,NA,NA,NA,NA,145,600.T5,G1
598.T5_BH7_01_33390,GATACA,GATACA,598.T5_BH7_01_33390.mzXML,598.T5,TGAGTATGAGTA,CCGGACTACHVGGGTWTCTAAT,Plate2,H07,806rcbc282,TGA GTA TGA GTA CCG GAC TAC HVG GGT WTC TAA T,,598,O,5,598.T5,NA,Co-house.5.fecal,20.6,Co-house,fecal,0.096,290.9,11.5,20.6,247,0.953293649,11.3353909,7.577128001,165,598.T5,G1
596.T5_BH5_01_33388,GATACA,GATACA,596.T5_BH5_01_33388.mzXML,596.T5,CTCACAACCGTG,CCGGACTACHVGGGTWTCTAAT,Plate2,H05,806rcbc88,CTC ACA ACC GTG CCG GAC TAC HVG GGT WTC TAA T,3_17_18,596,N,5,596.T5,NA,Co-house.5.fecal,21.6,Co-house,fecal,0.262,232.3,10,21.6,324,0.96410152,9.486147374,8.040462063,141,596.T5,G1
594.T5_BH3_01_33386,GATACA,GATACA,594.T5_BH3_01_33386.mzXML,594.T5,GTTGTTCTGGGA,CCGGACTACHVGGGTWTCTAAT,Plate2,H03,806rcbc86,GTT GTT CTG GGA CCG GAC TAC HVG GGT WTC TAA T,3_17_18,594,M,5,594.T5,NA,Co-house.5.fecal,22.3,Co-house,fecal,0.157,247.4,15.5,22.3,270,0.960998472,7.914740809,7.761807445,152,594.T5,G1
592.T5_BH1_01_33384,GATACA,GATACA,592.T5_BH1_01_33384.mzXML,592.T5,CGTAAGATGCCT,CCGGACTACHVGGGTWTCTAAT,Plate2,H01,806rcbc84,CGT AAG ATG CCT CCG GAC TAC HVG GGT WTC TAA T,3_17_18,592,L,5,592.T5,NA,Co-house.5.fecal,21.2,Co-house,fecal,0.205,235.3,18.6,21.2,291,0.953890621,9.949851923,7.80747582,123,592.T5,G1
590.T5_BG11_01_33381,GATACA,GATACA,590.T5_BG11_01_33381.mzXML,590.T5,ATGGCTGTCAGT,CCGGACTACHVGGGTWTCTAAT,Plate2,G11,806rcbc82,ATG GCT GTC AGT CCG GAC TAC HVG GGT WTC TAA T,3_17_18,590,K,5,590.T5,NA,Co-house.5.fecal,19.1,Co-house,fecal,0.208,271.2,15.5,19.1,352,0.958353635,13.64785439,8.107127045,166,590.T5,G1
588.T5_BG9_01_33379,GATACA,GATACA,588.T5_BG9_01_33379.mzXML,588.T5,TAGTATGCGCAA,CCGGACTACHVGGGTWTCTAAT,Plate2,G09,806rcbc80,TAG TAT GCG CAA CCG GAC TAC HVG GGT WTC TAA T,3_17_18,588,J,5,588.T5,NA,Co-house.5.fecal,18.9,Co-house,fecal,0.378,174.6,10,18.9,237,0.953879488,11.6887382,7.524910368,146,588.T5,G1
586.T5_BG8_01_33378,GATACA,GATACA,586.T5_BG8_01_33378.mzXML,586.T5,GTGGTGGTTTCC,CCGGACTACHVGGGTWTCTAAT,Plate2,G08,806rcbc79,GTG GTG GTT TCC CCG GAC TAC HVG GGT WTC TAA T,3_17_18,586,I,5,586.T5,NA,non_Co-house.5.fecal,25.2,non_Co-house,fecal,0.734,1010.2,27.4,25.2,249,0.947672085,11.60510602,7.543471626,191,586.T5,G1
585.T5_BG7_01_33377,GATACA,GATACA,585.T5_BG7_01_33377.mzXML,585.T5,GTACGATATGAC,CCGGACTACHVGGGTWTCTAAT,Plate2,G07,806rcbc78,GTA CGA TAT GAC CCG GAC TAC HVG GGT WTC TAA T,3_17_18,585,H,5,585.T5,NA,non_Co-house.5.fecal,25.2,non_Co-house,fecal,4.092,1368.1,96,25.2,224,0.900654033,9.951646577,7.031725701,191,585.T5,G1
584.T5_BG6_01_33376,GATACA,GATACA,584.T5_BG6_01_33376.mzXML,584.T5,AGCATGTCCCGT,CCGGACTACHVGGGTWTCTAAT,Plate2,G06,806rcbc77,AGC ATG TCC CGT CCG GAC TAC HVG GGT WTC TAA T,3_17_18,584,H,5,584.T5,NA,non_Co-house.5.fecal,30.8,non_Co-house,fecal,3.555,2161.4,114.7,30.8,316,0.958669928,9.656340008,7.960584888,195,584.T5,G1
583.T5_BG5_01_33375,GATACA,GATACA,583.T5_BG5_01_33375.mzXML,583.T5,ATTCTGCCGAAG,CCGGACTACHVGGGTWTCTAAT,Plate2,G05,806rcbc76,ATT CTG CCG AAG CCG GAC TAC HVG GGT WTC TAA T,3_17_18,583,G,5,583.T5,NA,non_Co-house.5.fecal,27.7,non_Co-house,fecal,3.113,1436.9,194.7,27.7,240,0.943512303,10.91005098,7.460248559,190,583.T5,G1
582.T5_BG4_01_33374,GATACA,GATACA,582.T5_BG4_01_33374.mzXML,582.T5,AACTAGTTCAGG,CCGGACTACHVGGGTWTCTAAT,Plate2,G04,806rcbc75,AAC TAG TTC AGG CCG GAC TAC HVG GGT WTC TAA T,3_17_18,582,G,5,582.T5,NA,non_Co-house.5.fecal,23.9,non_Co-house,fecal,3.932,847.6,91.1,23.9,271,0.95673952,13.50053563,7.732511391,180,582.T5,G1
581.T5_BG3_01_33373,GATACA,GATACA,581.T5_BG3_01_33373.mzXML,581.T5,TAGGCATGCTTG,CCGGACTACHVGGGTWTCTAAT,Plate2,G03,806rcbc74,TAG GCA TGC TTG CCG GAC TAC HVG GGT WTC TAA T,3_17_18,581,F,5,581.T5,NA,non_Co-house.5.fecal,25.4,non_Co-house,fecal,2.711,1390.4,37.1,25.4,257,0.962316151,11.38379752,7.703941802,166,581.T5,G1
580.T5_BG2_01_33372,GATACA,GATACA,580.T5_BG2_01_33372.mzXML,580.T5,ATGGGTTCCGTC,CCGGACTACHVGGGTWTCTAAT,Plate2,G02,806rcbc73,ATG GGT TCC GTC CCG GAC TAC HVG GGT WTC TAA T,3_17_18,580,F,5,580.T5,NA,non_Co-house.5.fecal,24.6,non_Co-house,fecal,3.329,773.1,80.1,24.6,328,0.958662882,11.18048457,8.012074888,189,580.T5,G1
578.T5_BG1_01_33371,GATACA,GATACA,578.T5_BG1_01_33371.mzXML,578.T5,GGTGACTAGTTC,CCGGACTACHVGGGTWTCTAAT,Plate2,G01,806rcbc72,GGT GAC TAG TTC CCG GAC TAC HVG GGT WTC TAA T,3_17_18,578,E,5,578.T5,NA,non_Co-house.5.fecal,24.1,non_Co-house,fecal,1.508,N/A,89.5,24.1,262,0.950759352,11.35796969,7.637852051,NA,578.T5,G1
577.T5_BF12_01_33369,GATACA,GATACA,577.T5_BF12_01_33369.mzXML,577.T5,CGTAATTGCCGC,CCGGACTACHVGGGTWTCTAAT,Plate2,F12,806rcbc71,CGT AAT TGC CGC CCG GAC TAC HVG GGT WTC TAA T,3_17_18,577,D,5,577.T5,NA,non_Co-house.5.fecal,20.8,non_Co-house,fecal,0.219,227.3,16,20.8,319,0.958753943,10.83987137,7.974352139,151,577.T5,G1
576.T5_BF11_01_33368,GATACA,GATACA,576.T5_BF11_01_33368.mzXML,576.T5,GATTCCGGCTCA,CCGGACTACHVGGGTWTCTAAT,Plate2,F11,806rcbc70,GAT TCC GGC TCA CCG GAC TAC HVG GGT WTC TAA T,3_17_18,576,D,5,576.T5,NA,non_Co-house.5.fecal,18.8,non_Co-house,fecal,0.087,775.4,12.8,18.8,296,0.960248598,10.82254483,7.883116081,119,576.T5,G1
575.T5_BF10_01_33367,GATACA,GATACA,575.T5_BF10_01_33367.mzXML,575.T5,TATCGACACAAG,CCGGACTACHVGGGTWTCTAAT,Plate2,F10,806rcbc69,TAT CGA CAC AAG CCG GAC TAC HVG GGT WTC TAA T,3_17_18,575,C,5,575.T5,NA,non_Co-house.5.fecal,20,non_Co-house,fecal,0.084,435.2,10.8,20,284,0.956961587,11.81845896,7.798994933,139,575.T5,G1
574.T5_BF9_01_33366,GATACA,GATACA,574.T5_BF9_01_33366.mzXML,574.T5,CCACAGATCGAT,CCGGACTACHVGGGTWTCTAAT,Plate2,F09,806rcbc68,CCA CAG ATC GAT CCG GAC TAC HVG GGT WTC TAA T,3_17_18,574,C,5,574.T5,NA,non_Co-house.5.fecal,21.8,non_Co-house,fecal,0.662,384.3,22.5,21.8,341,0.954423262,11.90109706,8.030162212,161,574.T5,G1
573.T5_BF8_01_33365,GATACA,GATACA,573.T5_BF8_01_33365.mzXML,573.T5,GTGTTGTCGTGC,CCGGACTACHVGGGTWTCTAAT,Plate2,F08,806rcbc67,GTG TTG TCG TGC CCG GAC TAC HVG GGT WTC TAA T,3_17_18,573,B,5,573.T5,NA,non_Co-house.5.fecal,20.4,non_Co-house,fecal,0.654,373.3,18.6,20.4,220,0.947442274,11.14989563,7.372389144,164,573.T5,G1
572.T5_BF7_01_33364,GATACA,GATACA,572.T5_BF7_01_33364.mzXML,572.T5,CTCACCTAGGAA,CCGGACTACHVGGGTWTCTAAT,Plate2,F07,806rcbc66,CTC ACC TAG GAA CCG GAC TAC HVG GGT WTC TAA T,3_17_18,572,B,5,572.T5,NA,non_Co-house.5.fecal,20.4,non_Co-house,fecal,0.236,536.6,13.9,20.4,369,0.965742103,12.23519977,8.23534358,159,572.T5,G1
571.T5_BF6_01_33363,GATACA,GATACA,571.T5_BF6_01_33363.mzXML,571.T5,AGAGCCAAGAGC,CCGGACTACHVGGGTWTCTAAT,Plate2,F06,806rcbc263,AGA GCC AAG AGC CCG GAC TAC HVG GGT WTC TAA T,,571,A,5,571.T5,NA,non_Co-house.5.fecal,19.9,non_Co-house,fecal,0.036,484.1,14.6,19.9,336,0.955569635,13.52017714,8.019443699,153,571.T5,G1
570.T5_BF5_01_33362,GATACA,GATACA,570.T5_BF5_01_33362.mzXML,570.T5,TCTCTACCACTC,CCGGACTACHVGGGTWTCTAAT,Plate2,F05,806rcbc64,TCT CTA CCA CTC CCG GAC TAC HVG GGT WTC TAA T,3_17_18,570,A,5,570.T5,NA,non_Co-house.5.fecal,19.1,non_Co-house,fecal,0.472,396.3,46.2,19.1,266,0.946301109,11.99890497,7.622722703,NA,570.T5,G1
586.CT5_BB6_01_33416,GATACA,GATACA,586.CT5_BB6_01_33416.mzXML,586.cacum.T5,CAAGTGAAGGGA,CCGGACTACHVGGGTWTCTAAT,plate3,B10,806rcbc213,CAA GTG AAG GGA CCG GAC TAC HVG GGT WTC TAA T,3_19_18,586,I,cecum.T5,586.cecum.T5,yes,non_Co-house.cecum.T5.cecum,NA,non_Co-house,cecum,NA,NA,NA,25.2,303,0.947448409,11.69153796,7.809982079,NA,586.cacum.T5,G1
585.CT5_BB5_01_33415,GATACA,GATACA,585.CT5_BB5_01_33415.mzXML,585.cacum.T5,GCCTATGAGATC,CCGGACTACHVGGGTWTCTAAT,plate3,B09,806rcbc212,GCC TAT GAG ATC CCG GAC TAC HVG GGT WTC TAA T,3_19_18,585,H,cecum.T5,585.cecum.T5,yes,non_Co-house.cecum.T5.cecum,NA,non_Co-house,cecum,NA,NA,NA,25.2,242,0.941033075,9.283327919,7.451912221,NA,585.cacum.T5,G1
584.CT5_BB4_01_33414,GATACA,GATACA,584.CT5_BB4_01_33414.mzXML,584.cacum.T5,CATATAGCCCGA,CCGGACTACHVGGGTWTCTAAT,plate3,B08,806rcbc211,CAT ATA GCC CGA CCG GAC TAC HVG GGT WTC TAA T,3_19_18,584,H,cecum.T5,584.cecum.T5,yes,non_Co-house.cecum.T5.cecum,NA,non_Co-house,cecum,NA,NA,NA,30.8,287,0.946589413,10.22098388,7.728814455,NA,584.cacum.T5,G1
583.CT5_BB3_01_33413,GATACA,GATACA,583.CT5_BB3_01_33413.mzXML,583.cacum.T5,GGTTGCCCTGTA,CCGGACTACHVGGGTWTCTAAT,plate3,B07,806rcbc210,GGT TGC CCT GTA CCG GAC TAC HVG GGT WTC TAA T,3_19_18,583,G,cecum.T5,583.cecum.T5,yes,non_Co-house.cecum.T5.cecum,NA,non_Co-house,cecum,NA,NA,NA,27.7,257,0.956554169,11.17031117,7.657813539,NA,583.cacum.T5,G1
582.CT5_BB2_01_33412,GATACA,GATACA,582.CT5_BB2_01_33412.mzXML,582.cacum.T5,ACGTGAGGAACG,CCGGACTACHVGGGTWTCTAAT,plate3,B06,806rcbc209,ACG TGA GGA ACG CCG GAC TAC HVG GGT WTC TAA T,3_19_18,582,G,cecum.T5,582.cecum.T5,yes,non_Co-house.cecum.T5.cecum,NA,non_Co-house,cecum,NA,NA,NA,23.9,206,0.95560275,10.02720866,7.345241044,NA,582.cacum.T5,G1
580C.T5_RA12_01_33409,GATACA,GATACA,580C.T5_RA12_01_33409.mzXML,580.cacum.T5,TTCCTTAGTAGT,CCGGACTACHVGGGTWTCTAAT,plate3,B04,806rcbc207,TTC CTT AGT AGT CCG GAC TAC HVG GGT WTC TAA T,3_19_18,580,F,cecum.T5,580.cecum.T5,yes,non_Co-house.cecum.T5.cecum,NA,non_Co-house,cecum,NA,NA,NA,24.6,272,0.955442706,11.2249623,7.727107384,NA,580.cacum.T5,G1
578.CT5_RA11_01_33408,GATACA,GATACA,578.CT5_RA11_01_33408.mzXML,578.cacum.T5,ACTCGCTCGCTG,CCGGACTACHVGGGTWTCTAAT,plate3,B03,806rcbc206,ACT CGC TCG CTG CCG GAC TAC HVG GGT WTC TAA T,3_19_18,578,E,cecum.T5,578.cecum.T5,yes,non_Co-house.cecum.T5.cecum,NA,non_Co-house,cecum,NA,NA,NA,24.1,252,0.95735483,9.483362912,7.637087462,NA,578.cacum.T5,G1
570.CT5_BA4_01_33401,GATACA,GATACA,570.CT5_BA4_01_33401.mzXML,570.cacum.T5,TACAATATCTGT,CCGGACTACHVGGGTWTCTAAT,plate3,A07,806rcbc198,TAC AAT ATC TGT CCG GAC TAC HVG GGT WTC TAA T,3_19_18,570,A,cecum.T5,570.cecum.T5,yes,non_Co-house.cecum.T5.cecum,NA,non_Co-house,cecum,NA,NA,NA,19.1,323,0.96457372,11.84821443,8.040098481,NA,570.cacum.T5,G1
577.CT5_RA10_01_33407,GATACA,GATACA,577.CT5_RA10_01_33407.mzXML,577.cacum.T5,ATGCTGCAACAC,CCGGACTACHVGGGTWTCTAAT,plate3,B02,806rcbc205,ATG CTG CAA CAC CCG GAC TAC HVG GGT WTC TAA T,3_19_18,577,D,cecum.T5,577.cecum.T5,yes,non_Co-house.cecum.T5.cecum,NA,non_Co-house,cecum,NA,NA,NA,20.8,304,0.961278365,11.40110778,7.928554273,NA,577.cacum.T5,G1
576.CT5_RA9_01_33406,GATACA,GATACA,576.CT5_RA9_01_33406.mzXML,576.cacum.T5,CGTATAAATGCG,CCGGACTACHVGGGTWTCTAAT,plate3,B01,806rcbc204,CGT ATA AAT GCG CCG GAC TAC HVG GGT WTC TAA T,3_19_18,576,D,cecum.T5,576.cecum.T5,yes,non_Co-house.cecum.T5.cecum,NA,non_Co-house,cecum,NA,NA,NA,18.8,312,0.962610338,10.15829038,7.975613833,NA,576.cacum.T5,G1
574.CT5_BA8_01_33405,GATACA,GATACA,574.CT5_BA8_01_33405.mzXML,574.cacum.T5,ACTACTGAGGAT,CCGGACTACHVGGGTWTCTAAT,plate3,A11,806rcbc202,ACT ACT GAG GAT CCG GAC TAC HVG GGT WTC TAA T,3_19_18,574,C,cecum.T5,574.cecum.T5,yes,non_Co-house.cecum.T5.cecum,NA,non_Co-house,cecum,NA,NA,NA,21.8,224,0.959544229,10.26237465,7.491502357,NA,574.cacum.T5,G1
573.CT5_BA7_01_33404,GATACA,GATACA,573.CT5_BA7_01_33404.mzXML,573.cacum.T5,GCCTCTACGTCG,CCGGACTACHVGGGTWTCTAAT,plate3,A10,806rcbc201,GCC TCT ACG TCG CCG GAC TAC HVG GGT WTC TAA T,3_19_18,573,B,cecum.T5,573.cecum.T5,yes,non_Co-house.cecum.T5.cecum,NA,non_Co-house,cecum,NA,NA,NA,20.4,240,0.947992399,10.99501089,7.495672186,NA,573.cacum.T5,G1
572.CT5_BA6_01_33403,GATACA,GATACA,572.CT5_BA6_01_33403.mzXML,572.cacum.T5,GACTCAACCAGT,CCGGACTACHVGGGTWTCTAAT,plate3,A09,806rcbc200,GAC TCA ACC AGT CCG GAC TAC HVG GGT WTC TAA T,3_19_18,572,B,cecum.T5,572.cecum.T5,yes,non_Co-house.cecum.T5.cecum,NA,non_Co-house,cecum,NA,NA,NA,20.4,306,0.963959675,11.88816504,7.959788905,NA,572.cacum.T5,G1
571.CT5_BA5_01_33402,GATACA,GATACA,571.CT5_BA5_01_33402.mzXML,571.cacum.T5,AATTTAGGTAGG,CCGGACTACHVGGGTWTCTAAT,plate3,A08,806rcbc199,AAT TTA GGT AGG CCG GAC TAC HVG GGT WTC TAA T,3_19_18,571,A,cecum.T5,571.cecum.T5,yes,non_Co-house.cecum.T5.cecum,NA,non_Co-house,cecum,NA,NA,NA,19.9,246,0.961527766,9.938313234,7.636948232,NA,571.cacum.T5,G1
581.CT5_BB1_01_33411,GATACA,GATACA,581.CT5_BB1_01_33411.mzXML,581.cacum.T5,CGTCCGTATGAA,CCGGACTACHVGGGTWTCTAAT,plate3,B05,806rcbc208,CGT CCG TAT GAA CCG GAC TAC HVG GGT WTC TAA T,3_19_18,581,F,cecum.T5,581.cecum.T5,yes,non_Co-house.cecum.T5.cecum,NA,non_Co-house,cecum,NA,NA,NA,25.4,354,0.9639642,12.59129475,8.162468609,NA,581.cacum.T5,G1
Blank_injection_GE1_01_33410,GATACA,GATACA,Blank_injection_GE1_01_33410.mzXML,Blank_injection_GE1_01_33410.mzXML,NA,NA,NA,NA,NA,NA,NA,NA,NA,NA,NA,NA,Blank_injection.NA.NA,NA,Blank_injection,NA,NA,NA,NA,NA,NA,NA,NA,NA,NA,NA,G2
Blank_injection_GE1_01_33397,GATACA,GATACA,Blank_injection_GE1_01_33397.mzXML,Blank_injection_GE1_01_33397.mzXML,NA,NA,NA,NA,NA,NA,NA,NA,NA,NA,NA,NA,Blank_injection.NA.NA,NA,Blank_injection,NA,NA,NA,NA,NA,NA,NA,NA,NA,NA,NA,G2
Blank_injection_GE1_01_33383,GATACA,GATACA,Blank_injection_GE1_01_33383.mzXML,Blank_injection_GE1_01_33383.mzXML,NA,NA,NA,NA,NA,NA,NA,NA,NA,NA,NA,NA,Blank_injection.NA.NA,NA,Blank_injection,NA,NA,NA,NA,NA,NA,NA,NA,NA,NA,NA,G2
Blank_injection_GE1_01_33370,GATACA,GATACA,Blank_injection_GE1_01_33370.mzXML,Blank_injection_GE1_01_33370.mzXML,NA,NA,NA,NA,NA,NA,NA,NA,NA,NA,NA,NA,Blank_injection.NA.NA,NA,Blank_injection,NA,NA,NA,NA,NA,NA,NA,NA,NA,NA,NA,G2
Blank_injection_GE1_01_33357,GATACA,GATACA,Blank_injection_GE1_01_33357.mzXML,Blank_injection_GE1_01_33357.mzXML,NA,NA,NA,NA,NA,NA,NA,NA,NA,NA,NA,NA,Blank_injection.NA.NA,NA,Blank_injection,NA,NA,NA,NA,NA,NA,NA,NA,NA,NA,NA,G2
Blank_injection_GE1_01_33218,GATACA,GATACA,Blank_injection_GE1_01_33218.mzXML,Blank_injection_GE1_01_33218.mzXML,NA,NA,NA,NA,NA,NA,NA,NA,NA,NA,NA,NA,Blank_injection.NA.NA,NA,Blank_injection,NA,NA,NA,NA,NA,NA,NA,NA,NA,NA,NA,G2
Blank_injection_GE1_01_33205,GATACA,GATACA,Blank_injection_GE1_01_33205.mzXML,Blank_injection_GE1_01_33205.mzXML,NA,NA,NA,NA,NA,NA,NA,NA,NA,NA,NA,NA,Blank_injection.NA.NA,NA,Blank_injection,NA,NA,NA,NA,NA,NA,NA,NA,NA,NA,NA,G2
Blank_injection_GE1_01_33192,GATACA,GATACA,Blank_injection_GE1_01_33192.mzXML,Blank_injection_GE1_01_33192.mzXML,NA,NA,NA,NA,NA,NA,NA,NA,NA,NA,NA,NA,Blank_injection.NA.NA,NA,Blank_injection,NA,NA,NA,NA,NA,NA,NA,NA,NA,NA,NA,G2
Blank_injection_GE1_01_33179,GATACA,GATACA,Blank_injection_GE1_01_33179.mzXML,Blank_injection_GE1_01_33179.mzXML,NA,NA,NA,NA,NA,NA,NA,NA,NA,NA,NA,NA,Blank_injection.NA.NA,NA,Blank_injection,NA,NA,NA,NA,NA,NA,NA,NA,NA,NA,NA,G2
Blank_injection_GE1_01_33164,GATACA,GATACA,Blank_injection_GE1_01_33164.mzXML,Blank_injection_GE1_01_33164.mzXML,NA,NA,NA,NA,NA,NA,NA,NA,NA,NA,NA,NA,Blank_injection.NA.NA,NA,Blank_injection,NA,NA,NA,NA,NA,NA,NA,NA,NA,NA,NA,G2
Blank_injection_GE1_01_33151,GATACA,GATACA,Blank_injection_GE1_01_33151.mzXML,Blank_injection_GE1_01_33151.mzXML,NA,NA,NA,NA,NA,NA,NA,NA,NA,NA,NA,NA,Blank_injection.NA.NA,NA,Blank_injection,NA,NA,NA,NA,NA,NA,NA,NA,NA,NA,NA,G2
Blank_injection_GE1_01_33138,GATACA,GATACA,Blank_injection_GE1_01_33138.mzXML,Blank_injection_GE1_01_33138.mzXML,NA,NA,NA,NA,NA,NA,NA,NA,NA,NA,NA,NA,Blank_injection.NA.NA,NA,Blank_injection,NA,NA,NA,NA,NA,NA,NA,NA,NA,NA,NA,G2
Blank_injection_GE1_01_33122,GATACA,GATACA,Blank_injection_GE1_01_33122.mzXML,Blank_injection_GE1_01_33122.mzXML,NA,NA,NA,NA,NA,NA,NA,NA,NA,NA,NA,NA,Blank_injection.NA.NA,NA,Blank_injection,NA,NA,NA,NA,NA,NA,NA,NA,NA,NA,NA,G2
Blank_injection_GE1_01_33109,GATACA,GATACA,Blank_injection_GE1_01_33109.mzXML,Blank_injection_GE1_01_33109.mzXML,NA,NA,NA,NA,NA,NA,NA,NA,NA,NA,NA,NA,Blank_injection.NA.NA,NA,Blank_injection,NA,NA,NA,NA,NA,NA,NA,NA,NA,NA,NA,G2
Blank_injection_GE1_01_33096,GATACA,GATACA,Blank_injection_GE1_01_33096.mzXML,Blank_injection_GE1_01_33096.mzXML,NA,NA,NA,NA,NA,NA,NA,NA,NA,NA,NA,NA,Blank_injection.NA.NA,NA,Blank_injection,NA,NA,NA,NA,NA,NA,NA,NA,NA,NA,NA,G2
Blank_injection_GE1_01_33083,GATACA,GATACA,Blank_injection_GE1_01_33083.mzXML,Blank_injection_GE1_01_33083.mzXML,NA,NA,NA,NA,NA,NA,NA,NA,NA,NA,NA,NA,Blank_injection.NA.NA,NA,Blank_injection,NA,NA,NA,NA,NA,NA,NA,NA,NA,NA,NA,G2
Blank_injection_GE1_01_33070,GATACA,GATACA,Blank_injection_GE1_01_33070.mzXML,Blank_injection_GE1_01_33070.mzXML,NA,NA,NA,NA,NA,NA,NA,NA,NA,NA,NA,NA,Blank_injection.NA.NA,NA,Blank_injection,NA,NA,NA,NA,NA,NA,NA,NA,NA,NA,NA,G2
EXTRACT_BLANK_BH12_01_33395,GATACA,GATACA,EXTRACT_BLANK_BH12_01_33395.mzXML,EXTRACT_BLANK_BH12_01_33395.mzXML,NA,NA,NA,NA,NA,NA,NA,NA,NA,NA,NA,NA,EXTRACT_BLANK.NA.NA,NA,EXTRACT_BLANK,NA,NA,NA,NA,NA,NA,NA,NA,NA,NA,NA,G2
EXTRACT_BLANK_BH11_01_33419,GATACA,GATACA,EXTRACT_BLANK_BH11_01_33419.mzXML,EXTRACT_BLANK_BH11_01_33419.mzXML,NA,NA,NA,NA,NA,NA,NA,NA,NA,NA,NA,NA,EXTRACT_BLANK.NA.NA,NA,EXTRACT_BLANK,NA,NA,NA,NA,NA,NA,NA,NA,NA,NA,NA,G2
EXTRACT_BLANK_BH11_01_33418,GATACA,GATACA,EXTRACT_BLANK_BH11_01_33418.mzXML,EXTRACT_BLANK_BH11_01_33418.mzXML,NA,NA,NA,NA,NA,NA,NA,NA,NA,NA,NA,NA,EXTRACT_BLANK.NA.NA,NA,EXTRACT_BLANK,NA,NA,NA,NA,NA,NA,NA,NA,NA,NA,NA,G2
EXTRACT_BLANK_BH11_01_33394,GATACA,GATACA,EXTRACT_BLANK_BH11_01_33394.mzXML,EXTRACT_BLANK_BH11_01_33394.mzXML,NA,NA,NA,NA,NA,NA,NA,NA,NA,NA,NA,NA,EXTRACT_BLANK.NA.NA,NA,EXTRACT_BLANK,NA,NA,NA,NA,NA,NA,NA,NA,NA,NA,NA,G2
EXTRACT_BLANK_BH10_01_33393,GATACA,GATACA,EXTRACT_BLANK_BH10_01_33393.mzXML,EXTRACT_BLANK_BH10_01_33393.mzXML,NA,NA,NA,NA,NA,NA,NA,NA,NA,NA,NA,NA,EXTRACT_BLANK.NA.NA,NA,EXTRACT_BLANK,NA,NA,NA,NA,NA,NA,NA,NA,NA,NA,NA,G2
