"OTUID","Kingdom","Phylum","Class","Order","Family","Genus","confidence"
"1bbef1070bedf0db507fb6c7b5c28fff","k__Bacteria"," p__Bacteroidetes"," c__Bacteroidia"," o__Bacteroidales"," f__[Paraprevotellaceae]"," g__CF231",0.992602853151086
"54843b106b5061dc17ca8f371d357b44","k__Bacteria"," p__Bacteroidetes"," c__Bacteroidia"," o__Bacteroidales"," f__[Paraprevotellaceae]"," g__CF231",0.993359160565682
"ff3c4e848cb548750221af3deb5389dc","k__Bacteria"," p__Bacteroidetes"," c__Bacteroidia"," o__Bacteroidales"," f__[Paraprevotellaceae]"," g__CF231",0.99483225610625
"646c18c31a1f6154773b7b8e64b5c658","k__Bacteria"," p__Bacteroidetes"," c__Bacteroidia"," o__Bacteroidales"," f__[Paraprevotellaceae]"," g__CF231",0.984517124262784
"5171cbfbcd1781f0d7e7a7bdb94fb126","k__Bacteria"," p__Bacteroidetes"," c__Bacteroidia"," o__Bacteroidales"," f__[Paraprevotellaceae]"," g__CF231",0.97977660062245
"74803c74b50392f83753468b9235c931","k__Bacteria"," p__Bacteroidetes"," c__Bacteroidia"," o__Bacteroidales"," f__[Paraprevotellaceae]"," g__CF231",0.995122759860266
"2a2bbfefccc170850029ee0b903a7301","k__Bacteria"," p__Bacteroidetes"," c__Bacteroidia"," o__Bacteroidales"," f__[Paraprevotellaceae]"," g__CF231",0.987818244149869
"b90340baf132ddf80f4a342d544f1b03","k__Bacteria"," p__Bacteroidetes"," c__Bacteroidia"," o__Bacteroidales"," f__[Paraprevotellaceae]"," g__CF231",0.984429087584358
"e305ca72b43b91c7a701c947a71ef4b7","k__Bacteria"," p__Bacteroidetes"," c__Bacteroidia"," o__Bacteroidales"," f__[Paraprevotellaceae]"," g__CF231",0.98822334869373
"ad4f3211c1c7fd39e69c4a22600a9475","k__Bacteria"," p__Bacteroidetes"," c__Bacteroidia"," o__Bacteroidales"," f__[Paraprevotellaceae]"," g__CF231",0.982173434143355
"5a3a6d477b5fb489d2f7317edcd9b9cc","k__Bacteria"," p__Bacteroidetes"," c__Bacteroidia"," o__Bacteroidales"," f__[Paraprevotellaceae]"," g__CF231",0.982352109210502
"cf32fb1a1851ffab51de8b752990d321","k__Bacteria"," p__Bacteroidetes"," c__Bacteroidia"," o__Bacteroidales"," f__S24-7"," g__",0.999999993627114
"0f54807ebcdb7fa491db917beeb3595e","k__Bacteria"," p__Bacteroidetes"," c__Bacteroidia"," o__Bacteroidales"," f__S24-7"," g__",0.999999987431906
"3440e49bbd5cc4432ab49dd963d49bcd","k__Bacteria"," p__Bacteroidetes"," c__Bacteroidia"," o__Bacteroidales"," f__S24-7"," g__",0.999999987140683
"cc3ff094f1c3297ae1c88cab123ca109","k__Bacteria"," p__Bacteroidetes"," c__Bacteroidia"," o__Bacteroidales"," f__S24-7"," g__",0.999999975919835
"de99c650af737e28dff50e5c852ebb84","k__Bacteria"," p__Bacteroidetes"," c__Bacteroidia"," o__Bacteroidales"," f__S24-7"," g__",0.999999979248017
"280f71fdbdabf1d2c4fd57cb3e93ed43","k__Bacteria"," p__Bacteroidetes"," c__Bacteroidia"," o__Bacteroidales"," f__S24-7"," g__",0.999999953176613
"37835e4fbbd6bb6b2f6dbbbad70f9372","k__Bacteria"," p__Bacteroidetes"," c__Bacteroidia"," o__Bacteroidales"," f__S24-7"," g__",0.999998558064777
"439e4f84c2a2e0c0f39e67ceabe0632a","k__Bacteria"," p__Bacteroidetes"," c__Bacteroidia"," o__Bacteroidales"," f__S24-7"," g__",0.999999930769465
"7a82038a2a87643382fdc201dacb1009","k__Bacteria"," p__Bacteroidetes"," c__Bacteroidia"," o__Bacteroidales"," f__Bacteroidaceae"," g__Bacteroides",0.988270845122115
"97855d38c5ce75bc28db3201640ab0b2","k__Bacteria"," p__Bacteroidetes"," c__Bacteroidia"," o__Bacteroidales"," f__Rikenellaceae"," g__",0.855980078023589
"88b905e812e0d73b7a740796f1969218","k__Bacteria"," p__Bacteroidetes"," c__Bacteroidia"," o__Bacteroidales"," f__S24-7"," g__",0.999999983175087
"4c7ad9177b8f808b98713da6557b7bf1","k__Bacteria"," p__Bacteroidetes"," c__Bacteroidia"," o__Bacteroidales"," f__S24-7"," g__",0.999999716203985
"4a9c16d3ce654f02a454cdea74b597bb","k__Bacteria"," p__Bacteroidetes"," c__Bacteroidia"," o__Bacteroidales"," f__S24-7"," g__",0.999999853445242
"be43da52e9710f5f0179d39616a0cd02","k__Bacteria"," p__Bacteroidetes"," c__Bacteroidia"," o__Bacteroidales"," f__S24-7"," g__",0.999999946630341
"b9c08a80084a5817a32ad811704367c4","k__Bacteria"," p__Bacteroidetes"," c__Bacteroidia"," o__Bacteroidales"," f__S24-7"," g__",0.99947184822
"af445601ff19932662af5c837b079065","k__Bacteria"," p__Bacteroidetes"," c__Bacteroidia"," o__Bacteroidales"," f__S24-7"," g__",0.99999729627294
"e5180ec90317980d3120ca519bda5e5e","k__Bacteria"," p__Bacteroidetes"," c__Bacteroidia"," o__Bacteroidales"," f__S24-7"," g__",0.998824559104836
"9262057290033adeed0ee63ad7d0870c","k__Bacteria"," p__Bacteroidetes"," c__Bacteroidia"," o__Bacteroidales"," f__S24-7"," g__",0.999995349948858
"5316280028c25084443f731768aa5707","k__Bacteria"," p__Bacteroidetes"," c__Bacteroidia"," o__Bacteroidales"," f__Bacteroidaceae"," g__Bacteroides",0.983952225544673
"030b340f702523604f24be192ae18439","k__Bacteria"," p__Bacteroidetes"," c__Bacteroidia"," o__Bacteroidales"," f__S24-7"," g__",0.999997550560935
"ae6f858a33e49815fcd83690ada389c8","k__Bacteria"," p__Bacteroidetes"," c__Bacteroidia"," o__Bacteroidales"," f__S24-7"," g__",0.999999943268806
"dd9638b9f5a15e2a9d6394ad04444d21","k__Bacteria"," p__Bacteroidetes"," c__Bacteroidia"," o__Bacteroidales"," f__S24-7"," g__",0.999999968669286
"e3e20348b3527232a0c237f9d7811f3c","k__Bacteria"," p__Bacteroidetes"," c__Bacteroidia"," o__Bacteroidales"," f__Rikenellaceae"," g__",0.867124613936934
"6822dc1497ea5724bc61e02b3cf0511f","k__Bacteria"," p__Bacteroidetes"," c__Bacteroidia"," o__Bacteroidales"," f__S24-7"," g__",0.999999769340802
"2e644a61d0aedb0afba39a04177de7f4","k__Bacteria"," p__Bacteroidetes"," c__Bacteroidia"," o__Bacteroidales"," f__S24-7"," g__",0.999999802511686
"0cc8dadc34650e1d79815b5f3fab5efe","k__Bacteria"," p__Bacteroidetes"," c__Bacteroidia"," o__Bacteroidales"," f__S24-7"," g__",0.99999945613512
"35782ee448589c93a59ce4719dafc0f2","k__Bacteria"," p__Bacteroidetes"," c__Bacteroidia"," o__Bacteroidales"," f__S24-7"," g__",0.998580577320698
"36c7395784ef4aee8b64edeb937ba621","k__Bacteria"," p__Deferribacteres"," c__Deferribacteres"," o__Deferribacterales"," f__Deferribacteraceae"," g__Mucispirillum",0.999999991645183
"564bb4db498125e08f141d6e48c9dcc7","k__Bacteria"," p__Bacteroidetes"," c__Bacteroidia"," o__Bacteroidales"," f__Bacteroidaceae"," g__Bacteroides",0.960994245586805
"66bbba590630ffe63f0c083472189619","k__Bacteria"," p__Bacteroidetes"," c__Bacteroidia"," o__Bacteroidales"," f__S24-7"," g__",0.99999988290542
"9fb556645444d1f9d5c124e5c343ee7b","k__Bacteria"," p__Bacteroidetes"," c__Bacteroidia"," o__Bacteroidales"," f__S24-7"," g__",0.999999737997376
"0c7ce3bfe1a4347ffec132b70d3833a9","k__Bacteria"," p__Bacteroidetes"," c__Bacteroidia"," o__Bacteroidales"," f__S24-7"," g__",0.999999781386246
"d4a552739e270b6188e83103b91ef909","k__Bacteria"," p__Bacteroidetes"," c__Bacteroidia"," o__Bacteroidales"," f__Bacteroidaceae"," g__Bacteroides",0.969643746625537
"562438981c3292e786f329b2c84e4cb7","k__Bacteria"," p__Deferribacteres"," c__Deferribacteres"," o__Deferribacterales"," f__Deferribacteraceae"," g__Mucispirillum",0.999999995094669
"6fee28a58b63200768d9fdbfaa9ebea1","k__Bacteria"," p__Bacteroidetes"," c__Bacteroidia"," o__Bacteroidales"," f__S24-7"," g__",0.9991764173575
"577c52c4a197b72ab9b700df942d53f8","k__Bacteria"," p__Bacteroidetes"," c__Bacteroidia"," o__Bacteroidales"," f__S24-7"," g__",0.999999491581308
"e19798f8cfd40879dd24a317312bde7b","k__Bacteria"," p__Bacteroidetes"," c__Bacteroidia"," o__Bacteroidales"," f__Prevotellaceae"," g__Prevotella",0.999976199542572
"e5e4068cb7d7c0101908b81c1106084c","k__Bacteria"," p__Bacteroidetes"," c__Bacteroidia"," o__Bacteroidales"," f__S24-7"," g__",0.999999940794966
"40b98f89d88946c7fef1c79ce1ed80f8","k__Bacteria"," p__Bacteroidetes"," c__Bacteroidia"," o__Bacteroidales"," f__S24-7"," g__",0.998781100481403
"0b2a2fd1108f186dc940c382e50a4846","k__Bacteria"," p__Bacteroidetes"," c__Bacteroidia"," o__Bacteroidales"," f__S24-7"," g__",0.999995897876674
"932dcd7db9a5a0a103ad457d0b156708","k__Bacteria"," p__Bacteroidetes"," c__Bacteroidia"," o__Bacteroidales"," f__S24-7"," g__",0.999999741114569
"fc340939384b5acd146d49441178af0e","k__Bacteria"," p__Bacteroidetes"," c__Bacteroidia"," o__Bacteroidales"," f__S24-7"," g__",0.999999959141364
"b2c1c518a311037462a93c63f9dfdf95","k__Bacteria"," p__Firmicutes"," c__Bacilli"," o__Lactobacillales"," f__Lactobacillaceae"," g__Lactobacillus",0.87959620153449
"f0238022104202ef0f46df5eee21eaf6","k__Bacteria"," p__Bacteroidetes"," c__Bacteroidia"," o__Bacteroidales"," f__S24-7"," g__",0.999999878686019
"3ea92b169d61c716e986e62506994cdb","k__Bacteria"," p__Bacteroidetes"," c__Bacteroidia"," o__Bacteroidales"," f__Bacteroidaceae"," g__Bacteroides",0.985050822761395
"59989e04214c6c92107da205d77fd75a","k__Bacteria"," p__Bacteroidetes"," c__Bacteroidia"," o__Bacteroidales"," f__Bacteroidaceae"," g__Bacteroides",0.98038001564291
"fbd9cf7d3bc31c942a6499c91e061b6a","k__Bacteria"," p__Firmicutes"," c__Bacilli"," o__Lactobacillales"," f__Lactobacillaceae"," g__Lactobacillus",0.883863580578438
"fec02dc924426ff759f6e00bf9d863ad","k__Bacteria"," p__Bacteroidetes"," c__Bacteroidia"," o__Bacteroidales"," f__S24-7"," g__",0.999999952886556
"d72de21351327f57ef58860b9b39b81b","k__Bacteria"," p__Bacteroidetes"," c__Bacteroidia"," o__Bacteroidales"," f__S24-7"," g__",0.99997825909713
"7bd0ac80d07d6f8fa2c963dfc59c31f2","k__Bacteria"," p__Bacteroidetes"," c__Bacteroidia"," o__Bacteroidales"," f__Rikenellaceae"," g__",0.802608477065014
"6a126dc027a872af6bfe7fde7da6b492","k__Bacteria"," p__Bacteroidetes"," c__Bacteroidia"," o__Bacteroidales"," f__S24-7"," g__",0.999999949225058
"e2016db4b16934f9f5dd4d170a365437","k__Bacteria"," p__Bacteroidetes"," c__Bacteroidia"," o__Bacteroidales"," f__S24-7"," g__",0.999999799663775
"b4888df798f095ac7f14c614cc7a2a15","k__Bacteria"," p__Bacteroidetes"," c__Bacteroidia"," o__Bacteroidales"," f__S24-7"," g__",0.99999984682145
"78f2a0e8a04135b8faff7e3ef1f9d88e","k__Bacteria"," p__Bacteroidetes"," c__Bacteroidia"," o__Bacteroidales"," f__S24-7"," g__",0.999999618558677
"7c08724b21752e0ddb401a5a9a78554e","k__Bacteria"," p__Bacteroidetes"," c__Bacteroidia"," o__Bacteroidales"," f__S24-7"," g__",0.999999368849018
"14aa1ed941114d87293f3a41fdca7ecd","k__Bacteria"," p__Bacteroidetes"," c__Bacteroidia"," o__Bacteroidales"," f__S24-7"," g__",0.999999594578054
"dda8981fb4ba1813e13b6e63a8e26cd8","k__Bacteria"," p__Bacteroidetes"," c__Bacteroidia"," o__Bacteroidales"," f__S24-7"," g__",0.999999379148471
"47efe892b8c48b5dd79f8bc3220443ca","k__Bacteria"," p__Bacteroidetes"," c__Bacteroidia"," o__Bacteroidales"," f__S24-7"," g__",0.999975267105643
"7fd3cf7fb44c555f5cc0043be73104d8","k__Bacteria"," p__Bacteroidetes"," c__Bacteroidia"," o__Bacteroidales"," f__S24-7"," g__",0.999999968530304
"20b09d01893b8fa0d699a4078565b7ef","k__Bacteria"," p__Bacteroidetes"," c__Bacteroidia"," o__Bacteroidales"," f__S24-7"," g__",0.999999206929006
"9477eb2dee9e9d0bf0c8ae04c5ab9260","k__Bacteria"," p__Bacteroidetes"," c__Bacteroidia"," o__Bacteroidales"," f__S24-7"," g__",0.999999547266273
"66666e2eba83ead26033d9a4a5edd08a","k__Bacteria"," p__Bacteroidetes"," c__Bacteroidia"," o__Bacteroidales"," f__Rikenellaceae"," g__",0.75864402771776
"6f723b313dfe49e5e24e8273f0e69d06","k__Bacteria"," p__Bacteroidetes"," c__Bacteroidia"," o__Bacteroidales"," f__Bacteroidaceae"," g__Bacteroides",0.977206232825906
"60f65c58b8bc5dd66ab5db5c4522f964","k__Bacteria"," p__Bacteroidetes"," c__Bacteroidia"," o__Bacteroidales"," f__S24-7"," g__",0.999986365897718
"1c346134371daba583451f711fe76e1a","k__Bacteria"," p__Bacteroidetes"," c__Bacteroidia"," o__Bacteroidales"," f__S24-7"," g__",0.999999998371294
"83b377e12edb5bbda2b8d41e1739799d","k__Bacteria"," p__Bacteroidetes"," c__Bacteroidia"," o__Bacteroidales"," f__S24-7"," g__",0.999999227184986
"1552406084b0c0c1f3c2e5dd59265a9b","k__Bacteria"," p__Bacteroidetes"," c__Bacteroidia"," o__Bacteroidales"," f__S24-7"," g__",0.999999911038476
"8f19d22ebcd241e17844dd9bf34c18ef","k__Bacteria"," p__Bacteroidetes"," c__Bacteroidia"," o__Bacteroidales"," f__S24-7"," g__",0.999999901283819
"b734bb8187882c0b6042f08b266d289b","k__Bacteria"," p__Bacteroidetes"," c__Bacteroidia"," o__Bacteroidales"," f__S24-7"," g__",0.999978213228487
"c3034f7a46ce932a7a3ef1255f9013dd","k__Bacteria"," p__Bacteroidetes"," c__Bacteroidia"," o__Bacteroidales"," f__Bacteroidaceae"," g__Bacteroides",0.95273392747667
"a94ae003db4efaa9f3379eeef09d600a","k__Bacteria"," p__Bacteroidetes"," c__Bacteroidia"," o__Bacteroidales"," f__S24-7"," g__",0.999999974515817
"56ec5cc4d0cb832b82c19eec85fb15d5","k__Bacteria"," p__Bacteroidetes"," c__Bacteroidia"," o__Bacteroidales"," f__S24-7"," g__",0.998114388805861
"a768ef445da67c4bbf1c83a6aef3d643","k__Bacteria"," p__Bacteroidetes"," c__Bacteroidia"," o__Bacteroidales"," f__S24-7"," g__",0.999957787092567
"422b0a2f5cff0e07d7622bb32bc50a60","k__Bacteria"," p__Bacteroidetes"," c__Bacteroidia"," o__Bacteroidales"," f__S24-7"," g__",0.999999516610845
"0a5e1e76e629468d95cf7103e11cca8c","k__Bacteria"," p__Deferribacteres"," c__Deferribacteres"," o__Deferribacterales"," f__Deferribacteraceae"," g__Mucispirillum",0.999999987543646
"b2277dc80154f9fa4959f5812d34ac5f","k__Bacteria"," p__Bacteroidetes"," c__Bacteroidia"," o__Bacteroidales"," f__S24-7"," g__",0.999999873075901
"a981780d86465164f5ccce93bff9b789","k__Bacteria"," p__Bacteroidetes"," c__Bacteroidia"," o__Bacteroidales"," f__S24-7"," g__",0.999999320526758
"699ac093197820865775e3a63392123b","k__Bacteria"," p__Bacteroidetes"," c__Bacteroidia"," o__Bacteroidales"," f__S24-7"," g__",0.999999241532979
"204e510b011e864f299cf4993d478c85","k__Bacteria"," p__Bacteroidetes"," c__Bacteroidia"," o__Bacteroidales"," f__Bacteroidaceae"," g__Bacteroides",0.98193534428033
"cb74f8bb7e9d69867067f18ae8850d0e","k__Bacteria"," p__Bacteroidetes"," c__Bacteroidia"," o__Bacteroidales"," f__S24-7"," g__",0.999999559073087
"6b069274a2abb8ee3dfc7025d059b68b","k__Bacteria"," p__Bacteroidetes"," c__Bacteroidia"," o__Bacteroidales"," f__S24-7"," g__",0.999999411174076
"39b44a0646335aecc771eb7d8d5fb921","k__Bacteria"," p__Bacteroidetes"," c__Bacteroidia"," o__Bacteroidales"," f__S24-7"," g__",0.999999997507373
"c3a928d25543d20d1e561c9db95c8a66","k__Bacteria"," p__Deferribacteres"," c__Deferribacteres"," o__Deferribacterales"," f__Deferribacteraceae"," g__Mucispirillum",0.99999999045879
"d2722b732f9ee6167db34ed6c94232b6","k__Bacteria"," p__Deferribacteres"," c__Deferribacteres"," o__Deferribacterales"," f__Deferribacteraceae"," g__Mucispirillum",0.999999995898847
"118108e102c809deccf452084c5b5748","k__Bacteria"," p__Actinobacteria"," c__Actinobacteria"," o__Bifidobacteriales"," f__Bifidobacteriaceae"," g__Bifidobacterium",0.999797840919372
"8a8f453c27cfdc48c0f1ec1df064f0e0","k__Bacteria"," p__Bacteroidetes"," c__Bacteroidia"," o__Bacteroidales"," f__S24-7"," g__",0.99994808320073
"0b25ff0a69ccb93866917a823f656ecb","k__Bacteria"," p__Bacteroidetes"," c__Bacteroidia"," o__Bacteroidales"," f__Bacteroidaceae"," g__Bacteroides",0.97361792286819
"479d827e7080273054d5eee9df534cd0","k__Bacteria"," p__Bacteroidetes"," c__Bacteroidia"," o__Bacteroidales"," f__Bacteroidaceae"," g__Bacteroides",0.971646250077496
"da786ad5e1ccbea0303e67a2418737c4","k__Bacteria"," p__Bacteroidetes"," c__Bacteroidia"," o__Bacteroidales"," f__S24-7"," g__",0.999999249720955
"26f30d52a432c32faa6d7d141ee3a18b","k__Bacteria"," p__Bacteroidetes"," c__Bacteroidia"," o__Bacteroidales"," f__S24-7"," g__",0.99999924498745
"6475c47b748a82b4e2a02f04f942e9c2","k__Bacteria"," p__Firmicutes"," c__Bacilli"," o__Lactobacillales"," f__Lactobacillaceae"," g__Lactobacillus",0.879256557254074
"c54baab6bd2aa64d75a9b647df7fc8ba","k__Bacteria"," p__Bacteroidetes"," c__Bacteroidia"," o__Bacteroidales"," f__S24-7"," g__",0.99994921250886
"47e13ed5a6f8712dc0cd439dca1aa08c","k__Bacteria"," p__Bacteroidetes"," c__Bacteroidia"," o__Bacteroidales"," f__S24-7"," g__",0.999999266255102
"49d0d7e93b41e4ce4b94977c249ae7ef","k__Bacteria"," p__Bacteroidetes"," c__Bacteroidia"," o__Bacteroidales"," f__S24-7"," g__",0.999999411772481
"a1c837c6bf98326013d7e6a23be688ba","k__Bacteria"," p__Firmicutes"," c__Bacilli"," o__Lactobacillales"," f__Lactobacillaceae"," g__Lactobacillus",0.871796099847917
"d128f82e71088e4388bee4610f4cf4de","k__Bacteria"," p__Firmicutes"," c__Bacilli"," o__Lactobacillales"," f__Lactobacillaceae"," g__Lactobacillus",0.877396083682311
"aa85a46ae600176364457edfc6ae2014","k__Bacteria"," p__Bacteroidetes"," c__Bacteroidia"," o__Bacteroidales"," f__Prevotellaceae"," g__Prevotella",0.999958009478206
"7513845831df8ed971745f71a4ac3fb1","k__Bacteria"," p__Firmicutes"," c__Bacilli"," o__Lactobacillales"," f__Lactobacillaceae"," g__Lactobacillus",0.882219693401264
"bc3d4362a4202a212746fb992ef35d51","k__Bacteria"," p__Bacteroidetes"," c__Bacteroidia"," o__Bacteroidales"," f__S24-7"," g__",0.999986017537565
"b00cdc369507236544dccb3804880bf0","k__Bacteria"," p__Bacteroidetes"," c__Bacteroidia"," o__Bacteroidales"," f__S24-7"," g__",0.997862979075783
"775cc730ba255ad487e21b5050a032e7","k__Bacteria"," p__Deferribacteres"," c__Deferribacteres"," o__Deferribacterales"," f__Deferribacteraceae"," g__Mucispirillum",0.999999996863608
"a101944cfe22d9ca0abe99f03b51979e","k__Bacteria"," p__Bacteroidetes"," c__Bacteroidia"," o__Bacteroidales"," f__Bacteroidaceae"," g__Bacteroides",0.957203292692815
"a806f4b5cbda39695fa5af7029a1ef70","k__Bacteria"," p__Bacteroidetes"," c__Bacteroidia"," o__Bacteroidales"," f__S24-7"," g__",0.999999915817174
"7dd186109500fdf8336153937b355042","k__Bacteria"," p__Bacteroidetes"," c__Bacteroidia"," o__Bacteroidales"," f__S24-7"," g__",0.994516709890233
"0d697156cd5695480f8ac2012036bd30","k__Bacteria"," p__Bacteroidetes"," c__Bacteroidia"," o__Bacteroidales"," f__S24-7"," g__",0.999999829777366
"f9b73ab4681e67d2ef74d706e6074134","k__Bacteria"," p__Firmicutes"," c__Bacilli"," o__Lactobacillales"," f__Lactobacillaceae"," g__Lactobacillus",0.881404264261769
"40677315a80052365769b4fe4a08bb58","k__Bacteria"," p__Bacteroidetes"," c__Bacteroidia"," o__Bacteroidales"," f__S24-7"," g__",0.999999012215373
"7405e70dbbe809a04a3a6a585a506592","k__Bacteria"," p__Bacteroidetes"," c__Bacteroidia"," o__Bacteroidales"," f__S24-7"," g__",0.999999945760764
"80220c4ff96f8950628142a2e581fd1e","k__Bacteria"," p__Bacteroidetes"," c__Bacteroidia"," o__Bacteroidales"," f__S24-7"," g__",0.999999770672671
"2d04c56322be32271ee897844ff844ec","k__Bacteria"," p__Bacteroidetes"," c__Bacteroidia"," o__Bacteroidales"," f__S24-7"," g__",0.999997780013081
"34593bd017efc5340d8a2d64671c3efc","k__Bacteria"," p__Bacteroidetes"," c__Bacteroidia"," o__Bacteroidales"," f__S24-7"," g__",0.999999406621916
"b152d979074da990d9b489280af52965","k__Bacteria"," p__Bacteroidetes"," c__Bacteroidia"," o__Bacteroidales"," f__S24-7"," g__",0.999920307274953
"12fe30572e040f588e9fd11cd8524ad8","k__Bacteria"," p__Bacteroidetes"," c__Bacteroidia"," o__Bacteroidales"," f__S24-7"," g__",0.999999740554562
"8c7e26b63087ee256be111b0093d6f3e","k__Bacteria"," p__Bacteroidetes"," c__Bacteroidia"," o__Bacteroidales"," f__Prevotellaceae"," g__Prevotella",0.999957049872079
"fb3fc6723c3ed135648168e874291b8b","k__Bacteria"," p__Bacteroidetes"," c__Bacteroidia"," o__Bacteroidales"," f__S24-7"," g__",0.999999119286589
"9a005f654d554847dd197ce28acd7476","k__Bacteria"," p__Bacteroidetes"," c__Bacteroidia"," o__Bacteroidales"," f__Bacteroidaceae"," g__Bacteroides",0.953975037755061
"62f956bffd6dd11d727e7e05deb08add","k__Bacteria"," p__Bacteroidetes"," c__Bacteroidia"," o__Bacteroidales"," f__S24-7"," g__",0.99999916907672
"308e2cd842a38e889cb29cc39670604a","k__Bacteria"," p__Bacteroidetes"," c__Bacteroidia"," o__Bacteroidales"," f__S24-7"," g__",0.999999451601462
"871cf568d041427a5faf28dec39e9f1a","k__Bacteria"," p__Bacteroidetes"," c__Bacteroidia"," o__Bacteroidales"," f__S24-7"," g__",0.999999995451589
"d6aa4703dcc37126784cace0f17fe204","k__Bacteria"," p__Bacteroidetes"," c__Bacteroidia"," o__Bacteroidales"," f__S24-7"," g__",0.999959841216769
"683398d19cd86e3d4c6eca2ad9cb9d9d","k__Bacteria"," p__Bacteroidetes"," c__Bacteroidia"," o__Bacteroidales"," f__Prevotellaceae"," g__Prevotella",0.999977123970321
"6cd3980e7cd587efaf7551ff2df4b377","k__Bacteria"," p__Bacteroidetes"," c__Bacteroidia"," o__Bacteroidales"," f__S24-7"," g__",0.999997785218619
"f3cd6871041f059c8b3608e62a69b19b","k__Bacteria"," p__Bacteroidetes"," c__Bacteroidia"," o__Bacteroidales"," f__S24-7"," g__",0.999999396536563
"37e0848ac386170603ffb706f4971fa6","k__Bacteria"," p__Firmicutes"," c__Bacilli"," o__Lactobacillales"," f__Lactobacillaceae"," g__Lactobacillus",0.881621872047573
"ce8d166eac2f7d8c188a49987496132a","k__Bacteria"," p__Bacteroidetes"," c__Bacteroidia"," o__Bacteroidales"," f__S24-7"," g__",0.999999356768648
"368534e4ba12b1880d2ca645975eaaee","k__Bacteria"," p__Bacteroidetes"," c__Bacteroidia"," o__Bacteroidales"," f__S24-7"," g__",0.999999935710749
"b4a5ddff3bac30057aed6619ae3495c8","k__Bacteria"," p__Bacteroidetes"," c__Bacteroidia"," o__Bacteroidales"," f__S24-7"," g__",0.999998871258851
"2caebef349ad9071b347ee889132bf16","k__Bacteria"," p__Bacteroidetes"," c__Bacteroidia"," o__Bacteroidales"," f__Bacteroidaceae"," g__Bacteroides",0.918287133400611
"4293a84720569009161eb26dc6cba31c","k__Bacteria"," p__Bacteroidetes"," c__Bacteroidia"," o__Bacteroidales"," f__S24-7"," g__",0.99997488830038
"58142a21a2ce875ecd97114427fad0b4","k__Bacteria"," p__Bacteroidetes"," c__Bacteroidia"," o__Bacteroidales"," f__S24-7"," g__",0.999939556831918
"7cb6594e34ff2b92d963306ce75026d2","k__Bacteria"," p__Bacteroidetes"," c__Bacteroidia"," o__Bacteroidales"," f__S24-7"," g__",0.99997175452823
"0a5539fc1f0a39865338cfa87471f9e5","k__Bacteria"," p__Bacteroidetes"," c__Bacteroidia"," o__Bacteroidales"," f__S24-7"," g__",0.999967742153565
"82cab18a85ae8bbdfe9ce40bbe451a40","k__Bacteria"," p__Bacteroidetes"," c__Bacteroidia"," o__Bacteroidales"," f__S24-7"," g__",0.999999336000834
"f42b579011c768251beae368856bdd63","k__Bacteria"," p__Bacteroidetes"," c__Bacteroidia"," o__Bacteroidales"," f__Prevotellaceae"," g__Prevotella",0.999957542811794
"a43d99627a9f5227ca59ef788262709c","k__Bacteria"," p__Bacteroidetes"," c__Bacteroidia"," o__Bacteroidales"," f__S24-7"," g__",0.99994026222285
"c9573ca9f79a60bebe180aa0e6b690cc","k__Bacteria"," p__Bacteroidetes"," c__Bacteroidia"," o__Bacteroidales"," f__S24-7"," g__",0.999947989029451
"52d40ef8233eeae14230f3a6bca894f2","k__Bacteria"," p__Firmicutes"," c__Bacilli"," o__Lactobacillales"," f__Lactobacillaceae"," g__Lactobacillus",0.914644290465319
"555d1b0301f45e832309bc3e605d343b","k__Bacteria"," p__Firmicutes"," c__Bacilli"," o__Lactobacillales"," f__Lactobacillaceae"," g__Lactobacillus",0.898484237151122
"9ff00bb4afcb31850acf80e8bee165d8","k__Bacteria"," p__Bacteroidetes"," c__Bacteroidia"," o__Bacteroidales"," f__S24-7"," g__",0.999999925444118
"6e1a89b33524e911a2fd887042520340","k__Bacteria"," p__Bacteroidetes"," c__Bacteroidia"," o__Bacteroidales"," f__S24-7"," g__",0.999983951131048
"fcb584478e8e461079485a33b813844f","k__Bacteria"," p__Bacteroidetes"," c__Bacteroidia"," o__Bacteroidales"," f__Prevotellaceae"," g__Prevotella",0.999922245086333
"5ce3cfc1986bb75f1c5caad13371560e","k__Bacteria"," p__Bacteroidetes"," c__Bacteroidia"," o__Bacteroidales"," f__S24-7"," g__",0.999975855308358
"197dbf299ba610094ec0373d4032a520","k__Bacteria"," p__Bacteroidetes"," c__Bacteroidia"," o__Bacteroidales"," f__S24-7"," g__",0.999997096986228
"07459a23004d839533d9cb04f3bda700","k__Bacteria"," p__Bacteroidetes"," c__Bacteroidia"," o__Bacteroidales"," f__S24-7"," g__",0.999999911044175
"4558ab7a03aa8ef8fc229c91a617f4d9","k__Bacteria"," p__Actinobacteria"," c__Actinobacteria"," o__Bifidobacteriales"," f__Bifidobacteriaceae"," g__Bifidobacterium",0.999719991028404
"f88e7637ec364e52e2f706914ba356fb","k__Bacteria"," p__Bacteroidetes"," c__Bacteroidia"," o__Bacteroidales"," f__S24-7"," g__",0.999999577222671
"bdb2e15ceec8fffb7828937fc693cccf","k__Bacteria"," p__Bacteroidetes"," c__Bacteroidia"," o__Bacteroidales"," f__S24-7"," g__",0.999953849417503
"e6b01b0ad4ed8bce1f814c169cbc3a0f","k__Bacteria"," p__Firmicutes"," c__Bacilli"," o__Lactobacillales"," f__Lactobacillaceae"," g__Lactobacillus",0.904130893893577
"9b7931d08c62607249fe12c2b5769e79","k__Bacteria"," p__Bacteroidetes"," c__Bacteroidia"," o__Bacteroidales"," f__S24-7"," g__",0.999967116594239
"4452885f601b589ea8a73c3b2e809558","k__Bacteria"," p__Bacteroidetes"," c__Bacteroidia"," o__Bacteroidales"," f__S24-7"," g__",0.999926546279451
"fc9b91016b3b32f0c41f9a1e093bda80","k__Bacteria"," p__Bacteroidetes"," c__Bacteroidia"," o__Bacteroidales"," f__S24-7"," g__",0.999914468814593
"d08ea27f7d751d71aef662d24ca84d62","k__Bacteria"," p__Bacteroidetes"," c__Bacteroidia"," o__Bacteroidales"," f__S24-7"," g__",0.999941780517564
"12a99a655ea1b8de195d606164510143","k__Bacteria"," p__Firmicutes"," c__Bacilli"," o__Lactobacillales"," f__Lactobacillaceae"," g__Lactobacillus",0.90695677941997
"add6feb7ab50d5292ffdc30d3d8cbcb7","k__Bacteria"," p__Firmicutes"," c__Clostridia"," o__Clostridiales"," f__"," g__",0.993677815656712
"3e5c8bf7fcc6ac8b3583d8ea5c5ed52b","k__Bacteria"," p__Bacteroidetes"," c__Bacteroidia"," o__Bacteroidales"," f__S24-7"," g__",0.999956540766459
"2fcfa1edfa38d4a8f337248ce5667dc5","k__Bacteria"," p__Bacteroidetes"," c__Bacteroidia"," o__Bacteroidales"," f__S24-7"," g__",0.999950067659838
"a2c4afd5213886bde2df4b720b55f0b1","k__Bacteria"," p__Bacteroidetes"," c__Bacteroidia"," o__Bacteroidales"," f__S24-7"," g__",0.999999063274755
"f6ab9905c1ae9135e96bfbf1df42f1a3","k__Bacteria"," p__Bacteroidetes"," c__Bacteroidia"," o__Bacteroidales"," f__S24-7"," g__",0.999948021326841
"578d787ea76ac5f3e84a3dbf6ec1e94f","k__Bacteria"," p__Firmicutes"," c__Bacilli"," o__Lactobacillales"," f__Lactobacillaceae"," g__Lactobacillus",0.879581809263534
"42264f85b88d55214c083f2afc749190","k__Bacteria"," p__Bacteroidetes"," c__Bacteroidia"," o__Bacteroidales"," f__S24-7"," g__",0.999938945083659
"51e8edf671ca50b4fbc43f4c3ec9f50c","k__Bacteria"," p__Bacteroidetes"," c__Bacteroidia"," o__Bacteroidales"," f__S24-7"," g__",0.999999995243272
"7fdcb69d17695ed0f869fde7ea0a45e4","k__Bacteria"," p__Bacteroidetes"," c__Bacteroidia"," o__Bacteroidales"," f__S24-7"," g__",0.999999995020048
"c7378e96ee51ba53a0f9238c791bb6f1","k__Bacteria"," p__Bacteroidetes"," c__Bacteroidia"," o__Bacteroidales"," f__Prevotellaceae"," g__Prevotella",0.999933100899956
"bd76b3bf06c313c1ff0c28a27411f377","k__Bacteria"," p__Bacteroidetes"," c__Bacteroidia"," o__Bacteroidales"," f__S24-7"," g__",0.999965457630709
"1d50ba1b3f738ce7d2054ef0c39dc0d5","k__Bacteria"," p__Bacteroidetes"," c__Bacteroidia"," o__Bacteroidales"," f__S24-7"," g__",0.999998633818317
"53cff25bf22ec0f1bf93f5d87888eb3a","k__Bacteria"," p__Actinobacteria"," c__Actinobacteria"," o__Bifidobacteriales"," f__Bifidobacteriaceae"," g__Bifidobacterium",0.999476182655082
"c5a61c5fb97d83ce12aeea183f56628f","k__Bacteria"," p__Bacteroidetes"," c__Bacteroidia"," o__Bacteroidales"," f__Bacteroidaceae"," g__Bacteroides",0.951106332998793
"c3e4bcdf3c0c098f667e70290a45333c","k__Bacteria"," p__Bacteroidetes"," c__Bacteroidia"," o__Bacteroidales"," f__S24-7"," g__",0.999941503838423
"b96beaf149285190892f2b812436d6e1","k__Bacteria"," p__Bacteroidetes"," c__Bacteroidia"," o__Bacteroidales"," f__S24-7"," g__",0.999955070040171
"4b97cbe0d243e108b5870789059ed0d7","k__Bacteria"," p__Bacteroidetes"," c__Bacteroidia"," o__Bacteroidales"," f__S24-7"," g__",0.999999996134605
"6e70fa72e2dfa67e83ae0b2ccfb64afa","k__Bacteria"," p__Bacteroidetes"," c__Bacteroidia"," o__Bacteroidales"," f__S24-7"," g__",0.999955019225831
"f98d979df04d330a67fb4e5b98ca104d","k__Bacteria"," p__Bacteroidetes"," c__Bacteroidia"," o__Bacteroidales"," f__Prevotellaceae"," g__Prevotella",0.999961167958742
"689c12390c09b9a29cf4fb872b49edd9","k__Bacteria"," p__Firmicutes"," c__Clostridia"," o__Clostridiales"," f__"," g__",0.990494824589566
"fb4ab06d1dfa87af3bbfa3cdfa43065e","k__Bacteria"," p__Bacteroidetes"," c__Bacteroidia"," o__Bacteroidales"," f__S24-7"," g__",0.999999987062211
"5b11801bb8adfc9ff5e1a1960d96bc16","k__Bacteria"," p__Bacteroidetes"," c__Bacteroidia"," o__Bacteroidales"," f__S24-7"," g__",0.999970570455669
"4b28010a343b8f259cd4e8f4c91672c8","k__Bacteria"," p__Bacteroidetes"," c__Bacteroidia"," o__Bacteroidales"," f__S24-7"," g__",0.999783794548754
"c00da10f7b1c5103b343824f9ff5937b","k__Bacteria"," p__Actinobacteria"," c__Actinobacteria"," o__Bifidobacteriales"," f__Bifidobacteriaceae"," g__Bifidobacterium",0.999628220751265
"f969f77024f652bdd33ca8aa4d348a91","k__Bacteria"," p__Bacteroidetes"," c__Bacteroidia"," o__Bacteroidales"," f__S24-7"," g__",0.999920754331671
"7db509e298401edfc42514f0e35a48bd","k__Bacteria"," p__Bacteroidetes"," c__Bacteroidia"," o__Bacteroidales"," f__S24-7"," g__",0.999947240806411
"31104eba47b7c647b4712e33dfeb786b","k__Bacteria"," p__Bacteroidetes"," c__Bacteroidia"," o__Bacteroidales"," f__S24-7"," g__",0.999999889400889
"e2ef7cb559b4796a5ecbf979b2c6c47c","k__Bacteria"," p__Bacteroidetes"," c__Bacteroidia"," o__Bacteroidales"," f__S24-7"," g__",0.999945523217038
