OTUID,Kingdom,Phylum,Class,Order,Family,Genus
1bbef1070bedf0db507fb6c7b5c28fff,k__Bacteria, p__Bacteroidetes, c__Bacteroidia, o__Bacteroidales, f__[Paraprevotellaceae], g__CF231
54843b106b5061dc17ca8f371d357b44,k__Bacteria, p__Bacteroidetes, c__Bacteroidia, o__Bacteroidales, f__[Paraprevotellaceae], g__CF231
ff3c4e848cb548750221af3deb5389dc,k__Bacteria, p__Bacteroidetes, c__Bacteroidia, o__Bacteroidales, f__[Paraprevotellaceae], g__CF231
646c18c31a1f6154773b7b8e64b5c658,k__Bacteria, p__Bacteroidetes, c__Bacteroidia, o__Bacteroidales, f__[Paraprevotellaceae], g__CF231
5171cbfbcd1781f0d7e7a7bdb94fb126,k__Bacteria, p__Bacteroidetes, c__Bacteroidia, o__Bacteroidales, f__[Paraprevotellaceae], g__CF231
74803c74b50392f83753468b9235c931,k__Bacteria, p__Bacteroidetes, c__Bacteroidia, o__Bacteroidales, f__[Paraprevotellaceae], g__CF231
2a2bbfefccc170850029ee0b903a7301,k__Bacteria, p__Bacteroidetes, c__Bacteroidia, o__Bacteroidales, f__[Paraprevotellaceae], g__CF231
b90340baf132ddf80f4a342d544f1b03,k__Bacteria, p__Bacteroidetes, c__Bacteroidia, o__Bacteroidales, f__[Paraprevotellaceae], g__CF231
e305ca72b43b91c7a701c947a71ef4b7,k__Bacteria, p__Bacteroidetes, c__Bacteroidia, o__Bacteroidales, f__[Paraprevotellaceae], g__CF231
ad4f3211c1c7fd39e69c4a22600a9475,k__Bacteria, p__Bacteroidetes, c__Bacteroidia, o__Bacteroidales, f__[Paraprevotellaceae], g__CF231
5a3a6d477b5fb489d2f7317edcd9b9cc,k__Bacteria, p__Bacteroidetes, c__Bacteroidia, o__Bacteroidales, f__[Paraprevotellaceae], g__CF231
cf32fb1a1851ffab51de8b752990d321,k__Bacteria, p__Bacteroidetes, c__Bacteroidia, o__Bacteroidales, f__S24-7, g__
0f54807ebcdb7fa491db917beeb3595e,k__Bacteria, p__Bacteroidetes, c__Bacteroidia, o__Bacteroidales, f__S24-7, g__
3440e49bbd5cc4432ab49dd963d49bcd,k__Bacteria, p__Bacteroidetes, c__Bacteroidia, o__Bacteroidales, f__S24-7, g__
cc3ff094f1c3297ae1c88cab123ca109,k__Bacteria, p__Bacteroidetes, c__Bacteroidia, o__Bacteroidales, f__S24-7, g__
de99c650af737e28dff50e5c852ebb84,k__Bacteria, p__Bacteroidetes, c__Bacteroidia, o__Bacteroidales, f__S24-7, g__
280f71fdbdabf1d2c4fd57cb3e93ed43,k__Bacteria, p__Bacteroidetes, c__Bacteroidia, o__Bacteroidales, f__S24-7, g__
37835e4fbbd6bb6b2f6dbbbad70f9372,k__Bacteria, p__Bacteroidetes, c__Bacteroidia, o__Bacteroidales, f__S24-7, g__
439e4f84c2a2e0c0f39e67ceabe0632a,k__Bacteria, p__Bacteroidetes, c__Bacteroidia, o__Bacteroidales, f__S24-7, g__
7a82038a2a87643382fdc201dacb1009,k__Bacteria, p__Bacteroidetes, c__Bacteroidia, o__Bacteroidales, f__Bacteroidaceae, g__Bacteroides
97855d38c5ce75bc28db3201640ab0b2,k__Bacteria, p__Bacteroidetes, c__Bacteroidia, o__Bacteroidales, f__Rikenellaceae, g__
88b905e812e0d73b7a740796f1969218,k__Bacteria, p__Bacteroidetes, c__Bacteroidia, o__Bacteroidales, f__S24-7, g__
4c7ad9177b8f808b98713da6557b7bf1,k__Bacteria, p__Bacteroidetes, c__Bacteroidia, o__Bacteroidales, f__S24-7, g__
4a9c16d3ce654f02a454cdea74b597bb,k__Bacteria, p__Bacteroidetes, c__Bacteroidia, o__Bacteroidales, f__S24-7, g__
be43da52e9710f5f0179d39616a0cd02,k__Bacteria, p__Bacteroidetes, c__Bacteroidia, o__Bacteroidales, f__S24-7, g__
b9c08a80084a5817a32ad811704367c4,k__Bacteria, p__Bacteroidetes, c__Bacteroidia, o__Bacteroidales, f__S24-7, g__
af445601ff19932662af5c837b079065,k__Bacteria, p__Bacteroidetes, c__Bacteroidia, o__Bacteroidales, f__S24-7, g__
e5180ec90317980d3120ca519bda5e5e,k__Bacteria, p__Bacteroidetes, c__Bacteroidia, o__Bacteroidales, f__S24-7, g__
9262057290033adeed0ee63ad7d0870c,k__Bacteria, p__Bacteroidetes, c__Bacteroidia, o__Bacteroidales, f__S24-7, g__
5316280028c25084443f731768aa5707,k__Bacteria, p__Bacteroidetes, c__Bacteroidia, o__Bacteroidales, f__Bacteroidaceae, g__Bacteroides
030b340f702523604f24be192ae18439,k__Bacteria, p__Bacteroidetes, c__Bacteroidia, o__Bacteroidales, f__S24-7, g__
ae6f858a33e49815fcd83690ada389c8,k__Bacteria, p__Bacteroidetes, c__Bacteroidia, o__Bacteroidales, f__S24-7, g__
dd9638b9f5a15e2a9d6394ad04444d21,k__Bacteria, p__Bacteroidetes, c__Bacteroidia, o__Bacteroidales, f__S24-7, g__
e3e20348b3527232a0c237f9d7811f3c,k__Bacteria, p__Bacteroidetes, c__Bacteroidia, o__Bacteroidales, f__Rikenellaceae, g__
6822dc1497ea5724bc61e02b3cf0511f,k__Bacteria, p__Bacteroidetes, c__Bacteroidia, o__Bacteroidales, f__S24-7, g__
2e644a61d0aedb0afba39a04177de7f4,k__Bacteria, p__Bacteroidetes, c__Bacteroidia, o__Bacteroidales, f__S24-7, g__
0cc8dadc34650e1d79815b5f3fab5efe,k__Bacteria, p__Bacteroidetes, c__Bacteroidia, o__Bacteroidales, f__S24-7, g__
35782ee448589c93a59ce4719dafc0f2,k__Bacteria, p__Bacteroidetes, c__Bacteroidia, o__Bacteroidales, f__S24-7, g__
36c7395784ef4aee8b64edeb937ba621,k__Bacteria, p__Deferribacteres, c__Deferribacteres, o__Deferribacterales, f__Deferribacteraceae, g__Mucispirillum
564bb4db498125e08f141d6e48c9dcc7,k__Bacteria, p__Bacteroidetes, c__Bacteroidia, o__Bacteroidales, f__Bacteroidaceae, g__Bacteroides
66bbba590630ffe63f0c083472189619,k__Bacteria, p__Bacteroidetes, c__Bacteroidia, o__Bacteroidales, f__S24-7, g__
9fb556645444d1f9d5c124e5c343ee7b,k__Bacteria, p__Bacteroidetes, c__Bacteroidia, o__Bacteroidales, f__S24-7, g__
0c7ce3bfe1a4347ffec132b70d3833a9,k__Bacteria, p__Bacteroidetes, c__Bacteroidia, o__Bacteroidales, f__S24-7, g__
d4a552739e270b6188e83103b91ef909,k__Bacteria, p__Bacteroidetes, c__Bacteroidia, o__Bacteroidales, f__Bacteroidaceae, g__Bacteroides
562438981c3292e786f329b2c84e4cb7,k__Bacteria, p__Deferribacteres, c__Deferribacteres, o__Deferribacterales, f__Deferribacteraceae, g__Mucispirillum
6fee28a58b63200768d9fdbfaa9ebea1,k__Bacteria, p__Bacteroidetes, c__Bacteroidia, o__Bacteroidales, f__S24-7, g__
577c52c4a197b72ab9b700df942d53f8,k__Bacteria, p__Bacteroidetes, c__Bacteroidia, o__Bacteroidales, f__S24-7, g__
e19798f8cfd40879dd24a317312bde7b,k__Bacteria, p__Bacteroidetes, c__Bacteroidia, o__Bacteroidales, f__Prevotellaceae, g__Prevotella
e5e4068cb7d7c0101908b81c1106084c,k__Bacteria, p__Bacteroidetes, c__Bacteroidia, o__Bacteroidales, f__S24-7, g__
40b98f89d88946c7fef1c79ce1ed80f8,k__Bacteria, p__Bacteroidetes, c__Bacteroidia, o__Bacteroidales, f__S24-7, g__
0b2a2fd1108f186dc940c382e50a4846,k__Bacteria, p__Bacteroidetes, c__Bacteroidia, o__Bacteroidales, f__S24-7, g__
932dcd7db9a5a0a103ad457d0b156708,k__Bacteria, p__Bacteroidetes, c__Bacteroidia, o__Bacteroidales, f__S24-7, g__
fc340939384b5acd146d49441178af0e,k__Bacteria, p__Bacteroidetes, c__Bacteroidia, o__Bacteroidales, f__S24-7, g__
b2c1c518a311037462a93c63f9dfdf95,k__Bacteria, p__Firmicutes, c__Bacilli, o__Lactobacillales, f__Lactobacillaceae, g__Lactobacillus
f0238022104202ef0f46df5eee21eaf6,k__Bacteria, p__Bacteroidetes, c__Bacteroidia, o__Bacteroidales, f__S24-7, g__
3ea92b169d61c716e986e62506994cdb,k__Bacteria, p__Bacteroidetes, c__Bacteroidia, o__Bacteroidales, f__Bacteroidaceae, g__Bacteroides
59989e04214c6c92107da205d77fd75a,k__Bacteria, p__Bacteroidetes, c__Bacteroidia, o__Bacteroidales, f__Bacteroidaceae, g__Bacteroides
fbd9cf7d3bc31c942a6499c91e061b6a,k__Bacteria, p__Firmicutes, c__Bacilli, o__Lactobacillales, f__Lactobacillaceae, g__Lactobacillus
fec02dc924426ff759f6e00bf9d863ad,k__Bacteria, p__Bacteroidetes, c__Bacteroidia, o__Bacteroidales, f__S24-7, g__
d72de21351327f57ef58860b9b39b81b,k__Bacteria, p__Bacteroidetes, c__Bacteroidia, o__Bacteroidales, f__S24-7, g__
7bd0ac80d07d6f8fa2c963dfc59c31f2,k__Bacteria, p__Bacteroidetes, c__Bacteroidia, o__Bacteroidales, f__Rikenellaceae, g__
6a126dc027a872af6bfe7fde7da6b492,k__Bacteria, p__Bacteroidetes, c__Bacteroidia, o__Bacteroidales, f__S24-7, g__
e2016db4b16934f9f5dd4d170a365437,k__Bacteria, p__Bacteroidetes, c__Bacteroidia, o__Bacteroidales, f__S24-7, g__
b4888df798f095ac7f14c614cc7a2a15,k__Bacteria, p__Bacteroidetes, c__Bacteroidia, o__Bacteroidales, f__S24-7, g__
78f2a0e8a04135b8faff7e3ef1f9d88e,k__Bacteria, p__Bacteroidetes, c__Bacteroidia, o__Bacteroidales, f__S24-7, g__
7c08724b21752e0ddb401a5a9a78554e,k__Bacteria, p__Bacteroidetes, c__Bacteroidia, o__Bacteroidales, f__S24-7, g__
14aa1ed941114d87293f3a41fdca7ecd,k__Bacteria, p__Bacteroidetes, c__Bacteroidia, o__Bacteroidales, f__S24-7, g__
dda8981fb4ba1813e13b6e63a8e26cd8,k__Bacteria, p__Bacteroidetes, c__Bacteroidia, o__Bacteroidales, f__S24-7, g__
47efe892b8c48b5dd79f8bc3220443ca,k__Bacteria, p__Bacteroidetes, c__Bacteroidia, o__Bacteroidales, f__S24-7, g__
7fd3cf7fb44c555f5cc0043be73104d8,k__Bacteria, p__Bacteroidetes, c__Bacteroidia, o__Bacteroidales, f__S24-7, g__
20b09d01893b8fa0d699a4078565b7ef,k__Bacteria, p__Bacteroidetes, c__Bacteroidia, o__Bacteroidales, f__S24-7, g__
9477eb2dee9e9d0bf0c8ae04c5ab9260,k__Bacteria, p__Bacteroidetes, c__Bacteroidia, o__Bacteroidales, f__S24-7, g__
66666e2eba83ead26033d9a4a5edd08a,k__Bacteria, p__Bacteroidetes, c__Bacteroidia, o__Bacteroidales, f__Rikenellaceae, g__
6f723b313dfe49e5e24e8273f0e69d06,k__Bacteria, p__Bacteroidetes, c__Bacteroidia, o__Bacteroidales, f__Bacteroidaceae, g__Bacteroides
60f65c58b8bc5dd66ab5db5c4522f964,k__Bacteria, p__Bacteroidetes, c__Bacteroidia, o__Bacteroidales, f__S24-7, g__
1c346134371daba583451f711fe76e1a,k__Bacteria, p__Bacteroidetes, c__Bacteroidia, o__Bacteroidales, f__S24-7, g__
83b377e12edb5bbda2b8d41e1739799d,k__Bacteria, p__Bacteroidetes, c__Bacteroidia, o__Bacteroidales, f__S24-7, g__
1552406084b0c0c1f3c2e5dd59265a9b,k__Bacteria, p__Bacteroidetes, c__Bacteroidia, o__Bacteroidales, f__S24-7, g__
8f19d22ebcd241e17844dd9bf34c18ef,k__Bacteria, p__Bacteroidetes, c__Bacteroidia, o__Bacteroidales, f__S24-7, g__
b734bb8187882c0b6042f08b266d289b,k__Bacteria, p__Bacteroidetes, c__Bacteroidia, o__Bacteroidales, f__S24-7, g__
c3034f7a46ce932a7a3ef1255f9013dd,k__Bacteria, p__Bacteroidetes, c__Bacteroidia, o__Bacteroidales, f__Bacteroidaceae, g__Bacteroides
a94ae003db4efaa9f3379eeef09d600a,k__Bacteria, p__Bacteroidetes, c__Bacteroidia, o__Bacteroidales, f__S24-7, g__
56ec5cc4d0cb832b82c19eec85fb15d5,k__Bacteria, p__Bacteroidetes, c__Bacteroidia, o__Bacteroidales, f__S24-7, g__
a768ef445da67c4bbf1c83a6aef3d643,k__Bacteria, p__Bacteroidetes, c__Bacteroidia, o__Bacteroidales, f__S24-7, g__
422b0a2f5cff0e07d7622bb32bc50a60,k__Bacteria, p__Bacteroidetes, c__Bacteroidia, o__Bacteroidales, f__S24-7, g__
0a5e1e76e629468d95cf7103e11cca8c,k__Bacteria, p__Deferribacteres, c__Deferribacteres, o__Deferribacterales, f__Deferribacteraceae, g__Mucispirillum
b2277dc80154f9fa4959f5812d34ac5f,k__Bacteria, p__Bacteroidetes, c__Bacteroidia, o__Bacteroidales, f__S24-7, g__
a981780d86465164f5ccce93bff9b789,k__Bacteria, p__Bacteroidetes, c__Bacteroidia, o__Bacteroidales, f__S24-7, g__
699ac093197820865775e3a63392123b,k__Bacteria, p__Bacteroidetes, c__Bacteroidia, o__Bacteroidales, f__S24-7, g__
204e510b011e864f299cf4993d478c85,k__Bacteria, p__Bacteroidetes, c__Bacteroidia, o__Bacteroidales, f__Bacteroidaceae, g__Bacteroides
cb74f8bb7e9d69867067f18ae8850d0e,k__Bacteria, p__Bacteroidetes, c__Bacteroidia, o__Bacteroidales, f__S24-7, g__
6b069274a2abb8ee3dfc7025d059b68b,k__Bacteria, p__Bacteroidetes, c__Bacteroidia, o__Bacteroidales, f__S24-7, g__
39b44a0646335aecc771eb7d8d5fb921,k__Bacteria, p__Bacteroidetes, c__Bacteroidia, o__Bacteroidales, f__S24-7, g__
c3a928d25543d20d1e561c9db95c8a66,k__Bacteria, p__Deferribacteres, c__Deferribacteres, o__Deferribacterales, f__Deferribacteraceae, g__Mucispirillum
d2722b732f9ee6167db34ed6c94232b6,k__Bacteria, p__Deferribacteres, c__Deferribacteres, o__Deferribacterales, f__Deferribacteraceae, g__Mucispirillum
118108e102c809deccf452084c5b5748,k__Bacteria, p__Actinobacteria, c__Actinobacteria, o__Bifidobacteriales, f__Bifidobacteriaceae, g__Bifidobacterium
8a8f453c27cfdc48c0f1ec1df064f0e0,k__Bacteria, p__Bacteroidetes, c__Bacteroidia, o__Bacteroidales, f__S24-7, g__
0b25ff0a69ccb93866917a823f656ecb,k__Bacteria, p__Bacteroidetes, c__Bacteroidia, o__Bacteroidales, f__Bacteroidaceae, g__Bacteroides
479d827e7080273054d5eee9df534cd0,k__Bacteria, p__Bacteroidetes, c__Bacteroidia, o__Bacteroidales, f__Bacteroidaceae, g__Bacteroides
da786ad5e1ccbea0303e67a2418737c4,k__Bacteria, p__Bacteroidetes, c__Bacteroidia, o__Bacteroidales, f__S24-7, g__
26f30d52a432c32faa6d7d141ee3a18b,k__Bacteria, p__Bacteroidetes, c__Bacteroidia, o__Bacteroidales, f__S24-7, g__
6475c47b748a82b4e2a02f04f942e9c2,k__Bacteria, p__Firmicutes, c__Bacilli, o__Lactobacillales, f__Lactobacillaceae, g__Lactobacillus
c54baab6bd2aa64d75a9b647df7fc8ba,k__Bacteria, p__Bacteroidetes, c__Bacteroidia, o__Bacteroidales, f__S24-7, g__
47e13ed5a6f8712dc0cd439dca1aa08c,k__Bacteria, p__Bacteroidetes, c__Bacteroidia, o__Bacteroidales, f__S24-7, g__
49d0d7e93b41e4ce4b94977c249ae7ef,k__Bacteria, p__Bacteroidetes, c__Bacteroidia, o__Bacteroidales, f__S24-7, g__
a1c837c6bf98326013d7e6a23be688ba,k__Bacteria, p__Firmicutes, c__Bacilli, o__Lactobacillales, f__Lactobacillaceae, g__Lactobacillus
d128f82e71088e4388bee4610f4cf4de,k__Bacteria, p__Firmicutes, c__Bacilli, o__Lactobacillales, f__Lactobacillaceae, g__Lactobacillus
aa85a46ae600176364457edfc6ae2014,k__Bacteria, p__Bacteroidetes, c__Bacteroidia, o__Bacteroidales, f__Prevotellaceae, g__Prevotella
7513845831df8ed971745f71a4ac3fb1,k__Bacteria, p__Firmicutes, c__Bacilli, o__Lactobacillales, f__Lactobacillaceae, g__Lactobacillus
bc3d4362a4202a212746fb992ef35d51,k__Bacteria, p__Bacteroidetes, c__Bacteroidia, o__Bacteroidales, f__S24-7, g__
b00cdc369507236544dccb3804880bf0,k__Bacteria, p__Bacteroidetes, c__Bacteroidia, o__Bacteroidales, f__S24-7, g__
775cc730ba255ad487e21b5050a032e7,k__Bacteria, p__Deferribacteres, c__Deferribacteres, o__Deferribacterales, f__Deferribacteraceae, g__Mucispirillum
a101944cfe22d9ca0abe99f03b51979e,k__Bacteria, p__Bacteroidetes, c__Bacteroidia, o__Bacteroidales, f__Bacteroidaceae, g__Bacteroides
a806f4b5cbda39695fa5af7029a1ef70,k__Bacteria, p__Bacteroidetes, c__Bacteroidia, o__Bacteroidales, f__S24-7, g__
7dd186109500fdf8336153937b355042,k__Bacteria, p__Bacteroidetes, c__Bacteroidia, o__Bacteroidales, f__S24-7, g__
0d697156cd5695480f8ac2012036bd30,k__Bacteria, p__Bacteroidetes, c__Bacteroidia, o__Bacteroidales, f__S24-7, g__
f9b73ab4681e67d2ef74d706e6074134,k__Bacteria, p__Firmicutes, c__Bacilli, o__Lactobacillales, f__Lactobacillaceae, g__Lactobacillus
40677315a80052365769b4fe4a08bb58,k__Bacteria, p__Bacteroidetes, c__Bacteroidia, o__Bacteroidales, f__S24-7, g__
7405e70dbbe809a04a3a6a585a506592,k__Bacteria, p__Bacteroidetes, c__Bacteroidia, o__Bacteroidales, f__S24-7, g__
80220c4ff96f8950628142a2e581fd1e,k__Bacteria, p__Bacteroidetes, c__Bacteroidia, o__Bacteroidales, f__S24-7, g__
2d04c56322be32271ee897844ff844ec,k__Bacteria, p__Bacteroidetes, c__Bacteroidia, o__Bacteroidales, f__S24-7, g__
34593bd017efc5340d8a2d64671c3efc,k__Bacteria, p__Bacteroidetes, c__Bacteroidia, o__Bacteroidales, f__S24-7, g__
b152d979074da990d9b489280af52965,k__Bacteria, p__Bacteroidetes, c__Bacteroidia, o__Bacteroidales, f__S24-7, g__
12fe30572e040f588e9fd11cd8524ad8,k__Bacteria, p__Bacteroidetes, c__Bacteroidia, o__Bacteroidales, f__S24-7, g__
8c7e26b63087ee256be111b0093d6f3e,k__Bacteria, p__Bacteroidetes, c__Bacteroidia, o__Bacteroidales, f__Prevotellaceae, g__Prevotella
fb3fc6723c3ed135648168e874291b8b,k__Bacteria, p__Bacteroidetes, c__Bacteroidia, o__Bacteroidales, f__S24-7, g__
9a005f654d554847dd197ce28acd7476,k__Bacteria, p__Bacteroidetes, c__Bacteroidia, o__Bacteroidales, f__Bacteroidaceae, g__Bacteroides
62f956bffd6dd11d727e7e05deb08add,k__Bacteria, p__Bacteroidetes, c__Bacteroidia, o__Bacteroidales, f__S24-7, g__
308e2cd842a38e889cb29cc39670604a,k__Bacteria, p__Bacteroidetes, c__Bacteroidia, o__Bacteroidales, f__S24-7, g__
871cf568d041427a5faf28dec39e9f1a,k__Bacteria, p__Bacteroidetes, c__Bacteroidia, o__Bacteroidales, f__S24-7, g__
d6aa4703dcc37126784cace0f17fe204,k__Bacteria, p__Bacteroidetes, c__Bacteroidia, o__Bacteroidales, f__S24-7, g__
683398d19cd86e3d4c6eca2ad9cb9d9d,k__Bacteria, p__Bacteroidetes, c__Bacteroidia, o__Bacteroidales, f__Prevotellaceae, g__Prevotella
6cd3980e7cd587efaf7551ff2df4b377,k__Bacteria, p__Bacteroidetes, c__Bacteroidia, o__Bacteroidales, f__S24-7, g__
f3cd6871041f059c8b3608e62a69b19b,k__Bacteria, p__Bacteroidetes, c__Bacteroidia, o__Bacteroidales, f__S24-7, g__
37e0848ac386170603ffb706f4971fa6,k__Bacteria, p__Firmicutes, c__Bacilli, o__Lactobacillales, f__Lactobacillaceae, g__Lactobacillus
ce8d166eac2f7d8c188a49987496132a,k__Bacteria, p__Bacteroidetes, c__Bacteroidia, o__Bacteroidales, f__S24-7, g__
368534e4ba12b1880d2ca645975eaaee,k__Bacteria, p__Bacteroidetes, c__Bacteroidia, o__Bacteroidales, f__S24-7, g__
b4a5ddff3bac30057aed6619ae3495c8,k__Bacteria, p__Bacteroidetes, c__Bacteroidia, o__Bacteroidales, f__S24-7, g__
2caebef349ad9071b347ee889132bf16,k__Bacteria, p__Bacteroidetes, c__Bacteroidia, o__Bacteroidales, f__Bacteroidaceae, g__Bacteroides
4293a84720569009161eb26dc6cba31c,k__Bacteria, p__Bacteroidetes, c__Bacteroidia, o__Bacteroidales, f__S24-7, g__
58142a21a2ce875ecd97114427fad0b4,k__Bacteria, p__Bacteroidetes, c__Bacteroidia, o__Bacteroidales, f__S24-7, g__
7cb6594e34ff2b92d963306ce75026d2,k__Bacteria, p__Bacteroidetes, c__Bacteroidia, o__Bacteroidales, f__S24-7, g__
0a5539fc1f0a39865338cfa87471f9e5,k__Bacteria, p__Bacteroidetes, c__Bacteroidia, o__Bacteroidales, f__S24-7, g__
82cab18a85ae8bbdfe9ce40bbe451a40,k__Bacteria, p__Bacteroidetes, c__Bacteroidia, o__Bacteroidales, f__S24-7, g__
f42b579011c768251beae368856bdd63,k__Bacteria, p__Bacteroidetes, c__Bacteroidia, o__Bacteroidales, f__Prevotellaceae, g__Prevotella
a43d99627a9f5227ca59ef788262709c,k__Bacteria, p__Bacteroidetes, c__Bacteroidia, o__Bacteroidales, f__S24-7, g__
c9573ca9f79a60bebe180aa0e6b690cc,k__Bacteria, p__Bacteroidetes, c__Bacteroidia, o__Bacteroidales, f__S24-7, g__
52d40ef8233eeae14230f3a6bca894f2,k__Bacteria, p__Firmicutes, c__Bacilli, o__Lactobacillales, f__Lactobacillaceae, g__Lactobacillus
555d1b0301f45e832309bc3e605d343b,k__Bacteria, p__Firmicutes, c__Bacilli, o__Lactobacillales, f__Lactobacillaceae, g__Lactobacillus
9ff00bb4afcb31850acf80e8bee165d8,k__Bacteria, p__Bacteroidetes, c__Bacteroidia, o__Bacteroidales, f__S24-7, g__
6e1a89b33524e911a2fd887042520340,k__Bacteria, p__Bacteroidetes, c__Bacteroidia, o__Bacteroidales, f__S24-7, g__
fcb584478e8e461079485a33b813844f,k__Bacteria, p__Bacteroidetes, c__Bacteroidia, o__Bacteroidales, f__Prevotellaceae, g__Prevotella
5ce3cfc1986bb75f1c5caad13371560e,k__Bacteria, p__Bacteroidetes, c__Bacteroidia, o__Bacteroidales, f__S24-7, g__
197dbf299ba610094ec0373d4032a520,k__Bacteria, p__Bacteroidetes, c__Bacteroidia, o__Bacteroidales, f__S24-7, g__
07459a23004d839533d9cb04f3bda700,k__Bacteria, p__Bacteroidetes, c__Bacteroidia, o__Bacteroidales, f__S24-7, g__
4558ab7a03aa8ef8fc229c91a617f4d9,k__Bacteria, p__Actinobacteria, c__Actinobacteria, o__Bifidobacteriales, f__Bifidobacteriaceae, g__Bifidobacterium
f88e7637ec364e52e2f706914ba356fb,k__Bacteria, p__Bacteroidetes, c__Bacteroidia, o__Bacteroidales, f__S24-7, g__
bdb2e15ceec8fffb7828937fc693cccf,k__Bacteria, p__Bacteroidetes, c__Bacteroidia, o__Bacteroidales, f__S24-7, g__
e6b01b0ad4ed8bce1f814c169cbc3a0f,k__Bacteria, p__Firmicutes, c__Bacilli, o__Lactobacillales, f__Lactobacillaceae, g__Lactobacillus
9b7931d08c62607249fe12c2b5769e79,k__Bacteria, p__Bacteroidetes, c__Bacteroidia, o__Bacteroidales, f__S24-7, g__
4452885f601b589ea8a73c3b2e809558,k__Bacteria, p__Bacteroidetes, c__Bacteroidia, o__Bacteroidales, f__S24-7, g__
fc9b91016b3b32f0c41f9a1e093bda80,k__Bacteria, p__Bacteroidetes, c__Bacteroidia, o__Bacteroidales, f__S24-7, g__
d08ea27f7d751d71aef662d24ca84d62,k__Bacteria, p__Bacteroidetes, c__Bacteroidia, o__Bacteroidales, f__S24-7, g__
12a99a655ea1b8de195d606164510143,k__Bacteria, p__Firmicutes, c__Bacilli, o__Lactobacillales, f__Lactobacillaceae, g__Lactobacillus
add6feb7ab50d5292ffdc30d3d8cbcb7,k__Bacteria, p__Firmicutes, c__Clostridia, o__Clostridiales, f__, g__
3e5c8bf7fcc6ac8b3583d8ea5c5ed52b,k__Bacteria, p__Bacteroidetes, c__Bacteroidia, o__Bacteroidales, f__S24-7, g__
2fcfa1edfa38d4a8f337248ce5667dc5,k__Bacteria, p__Bacteroidetes, c__Bacteroidia, o__Bacteroidales, f__S24-7, g__
a2c4afd5213886bde2df4b720b55f0b1,k__Bacteria, p__Bacteroidetes, c__Bacteroidia, o__Bacteroidales, f__S24-7, g__
f6ab9905c1ae9135e96bfbf1df42f1a3,k__Bacteria, p__Bacteroidetes, c__Bacteroidia, o__Bacteroidales, f__S24-7, g__
578d787ea76ac5f3e84a3dbf6ec1e94f,k__Bacteria, p__Firmicutes, c__Bacilli, o__Lactobacillales, f__Lactobacillaceae, g__Lactobacillus
42264f85b88d55214c083f2afc749190,k__Bacteria, p__Bacteroidetes, c__Bacteroidia, o__Bacteroidales, f__S24-7, g__
51e8edf671ca50b4fbc43f4c3ec9f50c,k__Bacteria, p__Bacteroidetes, c__Bacteroidia, o__Bacteroidales, f__S24-7, g__
7fdcb69d17695ed0f869fde7ea0a45e4,k__Bacteria, p__Bacteroidetes, c__Bacteroidia, o__Bacteroidales, f__S24-7, g__
c7378e96ee51ba53a0f9238c791bb6f1,k__Bacteria, p__Bacteroidetes, c__Bacteroidia, o__Bacteroidales, f__Prevotellaceae, g__Prevotella
bd76b3bf06c313c1ff0c28a27411f377,k__Bacteria, p__Bacteroidetes, c__Bacteroidia, o__Bacteroidales, f__S24-7, g__
1d50ba1b3f738ce7d2054ef0c39dc0d5,k__Bacteria, p__Bacteroidetes, c__Bacteroidia, o__Bacteroidales, f__S24-7, g__
53cff25bf22ec0f1bf93f5d87888eb3a,k__Bacteria, p__Actinobacteria, c__Actinobacteria, o__Bifidobacteriales, f__Bifidobacteriaceae, g__Bifidobacterium
c5a61c5fb97d83ce12aeea183f56628f,k__Bacteria, p__Bacteroidetes, c__Bacteroidia, o__Bacteroidales, f__Bacteroidaceae, g__Bacteroides
c3e4bcdf3c0c098f667e70290a45333c,k__Bacteria, p__Bacteroidetes, c__Bacteroidia, o__Bacteroidales, f__S24-7, g__
b96beaf149285190892f2b812436d6e1,k__Bacteria, p__Bacteroidetes, c__Bacteroidia, o__Bacteroidales, f__S24-7, g__
4b97cbe0d243e108b5870789059ed0d7,k__Bacteria, p__Bacteroidetes, c__Bacteroidia, o__Bacteroidales, f__S24-7, g__
6e70fa72e2dfa67e83ae0b2ccfb64afa,k__Bacteria, p__Bacteroidetes, c__Bacteroidia, o__Bacteroidales, f__S24-7, g__
f98d979df04d330a67fb4e5b98ca104d,k__Bacteria, p__Bacteroidetes, c__Bacteroidia, o__Bacteroidales, f__Prevotellaceae, g__Prevotella
689c12390c09b9a29cf4fb872b49edd9,k__Bacteria, p__Firmicutes, c__Clostridia, o__Clostridiales, f__, g__
fb4ab06d1dfa87af3bbfa3cdfa43065e,k__Bacteria, p__Bacteroidetes, c__Bacteroidia, o__Bacteroidales, f__S24-7, g__
5b11801bb8adfc9ff5e1a1960d96bc16,k__Bacteria, p__Bacteroidetes, c__Bacteroidia, o__Bacteroidales, f__S24-7, g__
4b28010a343b8f259cd4e8f4c91672c8,k__Bacteria, p__Bacteroidetes, c__Bacteroidia, o__Bacteroidales, f__S24-7, g__
c00da10f7b1c5103b343824f9ff5937b,k__Bacteria, p__Actinobacteria, c__Actinobacteria, o__Bifidobacteriales, f__Bifidobacteriaceae, g__Bifidobacterium
f969f77024f652bdd33ca8aa4d348a91,k__Bacteria, p__Bacteroidetes, c__Bacteroidia, o__Bacteroidales, f__S24-7, g__
7db509e298401edfc42514f0e35a48bd,k__Bacteria, p__Bacteroidetes, c__Bacteroidia, o__Bacteroidales, f__S24-7, g__
31104eba47b7c647b4712e33dfeb786b,k__Bacteria, p__Bacteroidetes, c__Bacteroidia, o__Bacteroidales, f__S24-7, g__
e2ef7cb559b4796a5ecbf979b2c6c47c,k__Bacteria, p__Bacteroidetes, c__Bacteroidia, o__Bacteroidales, f__S24-7, g__
1,Ursodiol,Ursodiol,Ursodiol,Ursodiol,Ursodiol,Ursodiol
2,Ursodeoxycholic,acid,Ursodeoxycholic,acid,Ursodeoxycholic,acid
3,Ursodeoxycholic,acid,Ursodeoxycholic,acid,Ursodeoxycholic,acid
4,Ursodeoxycholic,acid,Ursodeoxycholic,acid,Ursodeoxycholic,acid
5,Ursodeoxycholic,acid,Ursodeoxycholic,acid,Ursodeoxycholic,acid
6,Ursocholic,acid,Ursocholic,acid,Ursocholic,acid
7,Ursocholic,acid,Ursocholic,acid,Ursocholic,acid
8,Ursocholic,acid,Ursocholic,acid,Ursocholic,acid
9,Ursocholic,acid,Ursocholic,acid,Ursocholic,acid
10,Ursocholic,acid,Ursocholic,acid,Ursocholic,acid
11,Ursocholic,acid,Ursocholic,acid,Ursocholic,acid
12,Ursocholic,acid,Ursocholic,acid,Ursocholic,acid
13,Ursocholic,acid,Ursocholic,acid,Ursocholic,acid
14,Urobilin,Urobilin,Urobilin,Urobilin,Urobilin,Urobilin
15,Tyrosocholic,acid,Tyrosocholic,acid,Tyrosocholic,acid
16,Tryptophan,Conjugated,Muricholic,Acid,Tryptophan,Conjugated
17,Trp-Pro,Trp-Pro,Trp-Pro,Trp-Pro,Trp-Pro,Trp-Pro
18,Traumatic,Acid,Traumatic,Acid,Traumatic,Acid
19,trans-13-Octadecenoic,acid,trans-13-Octadecenoic,acid,trans-13-Octadecenoic,acid
20,Teprenone,Teprenone,Teprenone,Teprenone,Teprenone,Teprenone
21,Tauroursodeoxycholic,acid,Tauroursodeoxycholic,acid,Tauroursodeoxycholic,acid
22,Taurocholic,Acid,Sulfate,Taurocholic,Acid,Sulfate
23,Taurocholic,acid,Taurocholic,acid,Taurocholic,acid
24,Taurocholic,acid,Taurocholic,acid,Taurocholic,acid
25,Taurocholic,acid,Taurocholic,acid,Taurocholic,acid
26,Taurocholic,acid,Taurocholic,acid,Taurocholic,acid
27,Taurocholic,acid,Taurocholic,acid,Taurocholic,acid
28,Sumaresinolic,acid,Sumaresinolic,acid,Sumaresinolic,acid
29,Steviol,Steviol,Steviol,Steviol,Steviol,Steviol
30,Stercobilin,Stercobilin,Stercobilin,Stercobilin,Stercobilin,Stercobilin
31,Stercobilin,Stercobilin,Stercobilin,Stercobilin,Stercobilin,Stercobilin
32,Spectral,Match,to,Ursodeoxycholic,acid,from
33,Spectral,Match,to,Urobilin,from,NIST14
34,Spectral,Match,to,Urobilin,from,NIST14
35,Spectral,Match,to,Urobilin,from,NIST14
36,Spectral,Match,to,Urobilin,from,NIST14
37,Spectral,Match,to,Urobilin,from,NIST14
38,Spectral,Match,to,Tris(2-butoxyethyl),phosphate,from
39,Spectral,Match,to,Tauroursodeoxycholic,acid,from
40,Spectral,Match,to,Tauroursodeoxycholic,acid,from
41,Spectral,Match,to,Tauroursodeoxycholic,acid,from
42,Spectral,Match,to,Taurocholic,acid,from
43,Spectral,Match,to,Taurocholic,acid,from
44,Spectral,Match,to,Taurocholic,acid,from
45,Spectral,Match,to,Taurocholic,acid,from
46,Spectral,Match,to,Pinolenic,acid,from
47,Spectral,Match,to,Phe-Pro,from,NIST14
48,Spectral,Match,to,Oleoyl,L-carnitine,from
49,Spectral,Match,to,Lyso-PC(16:0),from,NIST14
50,Spectral,Match,to,Lithocholic,acid,from
51,Spectral,Match,to,Equol,from,NIST14
52,Spectral,Match,to,Deoxycholic,acid,from
53,Spectral,Match,to,Deoxycholic,acid,from
54,Spectral,Match,to,Deoxycholic,acid,from
55,Spectral,Match,to,Deoxycholic,acid,from
56,Spectral,Match,to,Deoxycholic,acid,from
57,Spectral,Match,to,Deoxycholic,acid,from
58,Spectral,Match,to,Deoxycholic,acid,from
59,Spectral,Match,to,Deoxycholic,acid,from
60,Spectral,Match,to,Deoxycholic,acid,from
61,Spectral,Match,to,Deoxycholic,acid,from
62,Spectral,Match,to,Deoxycholic,acid,from
63,Spectral,Match,to,Deoxycholic,acid,from
64,Spectral,Match,to,Deoxycholic,acid,from
65,Spectral,Match,to,D-erythro-C18-Sphingosine,from,NIST14
66,Spectral,Match,to,Cholic,acid,from
67,Spectral,Match,to,Cholic,acid,from
68,Spectral,Match,to,Cholic,acid,from
69,Spectral,Match,to,Cholic,acid,from
70,Spectral,Match,to,Cholic,acid,from
71,Spectral,Match,to,Cholic,acid,from
72,Spectral,Match,to,Cholic,acid,from
73,Spectral,Match,to,Cholic,acid,from
74,Spectral,Match,to,Cholic,acid,from
75,Spectral,Match,to,Cholic,acid,from
76,Spectral,Match,to,Cholic,acid,from
77,Spectral,Match,to,Cholic,acid,from
78,Spectral,Match,to,Cholic,acid,from
79,Spectral,Match,to,Cholic,acid,from
80,Spectral,Match,to,Cholic,acid,from
81,Spectral,Match,to,Cholic,acid,from
82,Spectral,Match,to,Cholic,acid,from
83,Spectral,Match,to,Cholic,acid,from
84,Spectral,Match,to,Cholic,acid,from
85,Spectral,Match,to,Cholic,acid,from
86,Spectral,Match,to,Cholic,acid,from
87,Spectral,Match,to,Cholic,acid,from
88,Spectral,Match,to,Bilirubin,from,METLIN
89,Spectral,Match,to,9(10)-EpOME,from,NIST14
90,"Spectral Match to 9,10-Dihydroxy-12Z-octadecenoic acid from NIST14","Spectral Match to 9,10-Dihydroxy-12Z-octadecenoic acid from NIST15","Spectral Match to 9,10-Dihydroxy-12Z-octadecenoic acid from NIST16","Spectral Match to 9,10-Dihydroxy-12Z-octadecenoic acid from NIST17","Spectral Match to 9,10-Dihydroxy-12Z-octadecenoic acid from NIST18","Spectral Match to 9,10-Dihydroxy-12Z-octadecenoic acid from NIST19"
91,"Spectral Match to 9-Oxo-10E,12Z-octadecadienoic acid from NIST14","Spectral Match to 9-Oxo-10E,12Z-octadecadienoic acid from NIST15","Spectral Match to 9-Oxo-10E,12Z-octadecadienoic acid from NIST16","Spectral Match to 9-Oxo-10E,12Z-octadecadienoic acid from NIST17","Spectral Match to 9-Oxo-10E,12Z-octadecadienoic acid from NIST18","Spectral Match to 9-Oxo-10E,12Z-octadecadienoic acid from NIST19"
92,"Spectral Match to 9-Octadecenamide, (Z)- from NIST14","Spectral Match to 9-Octadecenamide, (Z)- from NIST15","Spectral Match to 9-Octadecenamide, (Z)- from NIST16","Spectral Match to 9-Octadecenamide, (Z)- from NIST17","Spectral Match to 9-Octadecenamide, (Z)- from NIST18","Spectral Match to 9-Octadecenamide, (Z)- from NIST19"
93,Spectral,Match,to,3.beta.-Hydroxy-5-cholenoic,acid,from
94,Spectral,Match,to,3.beta.-Hydroxy-5-cholenoic,acid,from
95,Spectral,Match,to,3.beta.-Hydroxy-5-cholenoic,acid,from
96,Spectral,Match,to,3.beta.-Hydroxy-5-cholenoic,acid,from
97,Spectral,Match,to,3.beta.-Hydroxy-5-cholenoic,acid,from
98,Spectral,Match,to,3.beta.-Hydroxy-5-cholenoic,acid,from
99,Spectral,Match,to,3.beta.-Hydroxy-5-cholenoic,acid,from
100,Spectral,Match,to,3.beta.-Hydroxy-5-cholenoic,acid,from
101,Spectral,Match,to,12-Ketodeoxycholic,acid,from
102,Spectral,Match,to,12-Ketodeoxycholic,acid,from
103,Spectral,Match,to,12-Ketodeoxycholic,acid,from
104,Spectral,Match,to,12-Ketodeoxycholic,acid,from
105,Spectral,Match,to,12-Ketodeoxycholic,acid,from
106,Spectral,Match,to,12-Ketodeoxycholic,acid,from
107,Spectral,Match,to,1-Stearoyl-2-hydroxy-sn-glycero-3-phosphoethanolamine,from,NIST14
108,Spectral,Match,to,1-Pentadecanoyl-sn-glycero-3-phosphocholine,from,NIST14
109,Spectral,Match,to,1-Palmitoyl-2-hydroxy-sn-glycero-3-phosphoethanolamine,from,NIST14
110,Spectral,Match,to,1-Palmitoyl-2-hydroxy-sn-glycero-3-phosphoethanolamine,from,NIST14
111,Spectral,Match,to,1-Octadecanoyl-sn-glycero-3-phosphocholine,from,NIST14
112,Spectral,Match,to,1-Octadecanoyl-sn-glycero-3-phosphocholine,from,NIST14
113,Spectral,Match,to,1-Myristoyl-sn-glycero-3-phosphocholine,from,NIST14
114,Spectral,Match,to,1-Myristoyl-sn-glycero-3-phosphocholine,from,NIST14
115,Spectral,Match,to,1-Hexadecanoyl-sn-glycero-3-phosphoethanolamine,from,NIST14
116,Spectral,Match,to,1-Hexadecanoyl-sn-glycero-3-phosphocholine,from,NIST14
117,Spectral,Match,to,1-Heptadecanoyl-sn-glycero-3-phosphocholine,from,NIST14
118,Spectral,Match,to,1-(1Z-Octadecenyl)-sn-glycero-3-phosphocholine,from,NIST14
119,Spectral,Match,to,1-(1Z-Hexadecenyl)-sn-glycero-3-phosphocholine,from,NIST14
120,Spectral,Match,to,(-)-Riboflavin,from,NIST14
121,Soyaspongenol,C,Soyaspongenol,C,Soyaspongenol,C
122,Soyasaponin,I,Soyasaponin,I,Soyasaponin,I
123,Ricinoleic,Acid,methyl,ester,Ricinoleic,Acid
124,"ReSpect:PT110060 D-Pantothenic acid hemicalcium salt|Vitamin B5|D-Pantothenic Acid|(R)-Pantothenate|(R)-(+)-N-(2,4-Dihydroxy-3,3-dimethyl-1-oxobutyl)-beta-alanine|3-[[(2R)-2,4-dihydroxy-3,3-dimethylbutanoyl]amino]prop","ReSpect:PT110060 D-Pantothenic acid hemicalcium salt|Vitamin B5|D-Pantothenic Acid|(R)-Pantothenate|(R)-(+)-N-(2,4-Dihydroxy-3,3-dimethyl-1-oxobutyl)-beta-alanine|3-[[(2R)-2,4-dihydroxy-3,3-dimethylbutanoyl]amino]prop","ReSpect:PT110060 D-Pantothenic acid hemicalcium salt|Vitamin B5|D-Pantothenic Acid|(R)-Pantothenate|(R)-(+)-N-(2,4-Dihydroxy-3,3-dimethyl-1-oxobutyl)-beta-alanine|3-[[(2R)-2,4-dihydroxy-3,3-dimethylbutanoyl]amino]prop","ReSpect:PT110060 D-Pantothenic acid hemicalcium salt|Vitamin B5|D-Pantothenic Acid|(R)-Pantothenate|(R)-(+)-N-(2,4-Dihydroxy-3,3-dimethyl-1-oxobutyl)-beta-alanine|3-[[(2R)-2,4-dihydroxy-3,3-dimethylbutanoyl]amino]prop","ReSpect:PT110060 D-Pantothenic acid hemicalcium salt|Vitamin B5|D-Pantothenic Acid|(R)-Pantothenate|(R)-(+)-N-(2,4-Dihydroxy-3,3-dimethyl-1-oxobutyl)-beta-alanine|3-[[(2R)-2,4-dihydroxy-3,3-dimethylbutanoyl]amino]prop","ReSpect:PT110060 D-Pantothenic acid hemicalcium salt|Vitamin B5|D-Pantothenic Acid|(R)-Pantothenate|(R)-(+)-N-(2,4-Dihydroxy-3,3-dimethyl-1-oxobutyl)-beta-alanine|3-[[(2R)-2,4-dihydroxy-3,3-dimethylbutanoyl]amino]prop"
125,R-Palmitoyl-(2-methyl),ethanolamide,R-Palmitoyl-(2-methyl),ethanolamide,R-Palmitoyl-(2-methyl),ethanolamide
126,Pinosylvin,Pinosylvin,Pinosylvin,Pinosylvin,Pinosylvin,Pinosylvin
127,Phytomonic,acid,Phytomonic,acid,Phytomonic,acid
128,Phytomonic,acid,Phytomonic,acid,Phytomonic,acid
129,Phenylalanocholic,acid,Phenylalanocholic,acid,Phenylalanocholic,acid
130,"Phenol, 5-(1,1-dimethyloctyl)-2-[(1S,3S)-3-hydroxycyclohexyl]-","Phenol, 5-(1,1-dimethyloctyl)-2-[(1S,3S)-3-hydroxycyclohexyl]-","Phenol, 5-(1,1-dimethyloctyl)-2-[(1S,3S)-3-hydroxycyclohexyl]-","Phenol, 5-(1,1-dimethyloctyl)-2-[(1S,3S)-3-hydroxycyclohexyl]-","Phenol, 5-(1,1-dimethyloctyl)-2-[(1S,3S)-3-hydroxycyclohexyl]-","Phenol, 5-(1,1-dimethyloctyl)-2-[(1S,3S)-3-hydroxycyclohexyl]-"
131,PC(O-16:1/0:0);,[M+H]+,C24H51N1O6P1,PC(O-16:1/0:0);,[M+H]+,C24H51N1O6P2
132,PC(16:1/0:0);,[M+H]+,C24H49N1O7P1,PC(16:1/0:0);,[M+H]+,C24H49N1O7P2
133,PC(0:0/18:0);,[M+H]+,C26H55N1O7P1,PC(0:0/18:0);,[M+H]+,C26H55N1O7P2
134,Pantethine,Pantethine,Pantethine,Pantethine,Pantethine,Pantethine
135,Palmitoyl-L-carnitine,Palmitoyl-L-carnitine,Palmitoyl-L-carnitine,Palmitoyl-L-carnitine,Palmitoyl-L-carnitine,Palmitoyl-L-carnitine
136,Oleic,acid,methyl,ester,Oleic,acid
137,Oleanolic,acid,methyl,ester,Oleanolic,acid
138,Oleanolic,acid,Oleanolic,acid,Oleanolic,acid
139,Norbolethone,Norbolethone,Norbolethone,Norbolethone,Norbolethone,Norbolethone
140,Neoabietic,acid,Neoabietic,acid,Neoabietic,acid
141,"NCGC00385642-01!1,4-dihydroxyheptadec-16-en-2-yl acetate","NCGC00385642-01!1,4-dihydroxyheptadec-16-en-2-yl acetate","NCGC00385642-01!1,4-dihydroxyheptadec-16-en-2-yl acetate","NCGC00385642-01!1,4-dihydroxyheptadec-16-en-2-yl acetate","NCGC00385642-01!1,4-dihydroxyheptadec-16-en-2-yl acetate","NCGC00385642-01!1,4-dihydroxyheptadec-16-en-2-yl acetate"
142,"NCGC00385642-01!1,4-dihydroxyheptadec-16-en-2-yl acetate","NCGC00385642-01!1,4-dihydroxyheptadec-16-en-2-yl acetate","NCGC00385642-01!1,4-dihydroxyheptadec-16-en-2-yl acetate","NCGC00385642-01!1,4-dihydroxyheptadec-16-en-2-yl acetate","NCGC00385642-01!1,4-dihydroxyheptadec-16-en-2-yl acetate","NCGC00385642-01!1,4-dihydroxyheptadec-16-en-2-yl acetate"
143,"NCGC00385373-01_C20H28O3_1-Phenanthrenecarboxylic acid, 1,2,3,4,4a,9,10,10a-octahydro-9-hydroxy-1,4a-dimethyl-7-(1-methylethyl)-, (1S,9R)-","NCGC00385373-01_C20H28O3_1-Phenanthrenecarboxylic acid, 1,2,3,4,4a,9,10,10a-octahydro-9-hydroxy-1,4a-dimethyl-7-(1-methylethyl)-, (1S,9R)-","NCGC00385373-01_C20H28O3_1-Phenanthrenecarboxylic acid, 1,2,3,4,4a,9,10,10a-octahydro-9-hydroxy-1,4a-dimethyl-7-(1-methylethyl)-, (1S,9R)-","NCGC00385373-01_C20H28O3_1-Phenanthrenecarboxylic acid, 1,2,3,4,4a,9,10,10a-octahydro-9-hydroxy-1,4a-dimethyl-7-(1-methylethyl)-, (1S,9R)-","NCGC00385373-01_C20H28O3_1-Phenanthrenecarboxylic acid, 1,2,3,4,4a,9,10,10a-octahydro-9-hydroxy-1,4a-dimethyl-7-(1-methylethyl)-, (1S,9R)-","NCGC00385373-01_C20H28O3_1-Phenanthrenecarboxylic acid, 1,2,3,4,4a,9,10,10a-octahydro-9-hydroxy-1,4a-dimethyl-7-(1-methylethyl)-, (1S,9R)-"
144,"NCGC00385126-01!1,2-dihydroxyheptadec-16-en-4-yl acetate","NCGC00385126-01!1,2-dihydroxyheptadec-16-en-4-yl acetate","NCGC00385126-01!1,2-dihydroxyheptadec-16-en-4-yl acetate","NCGC00385126-01!1,2-dihydroxyheptadec-16-en-4-yl acetate","NCGC00385126-01!1,2-dihydroxyheptadec-16-en-4-yl acetate","NCGC00385126-01!1,2-dihydroxyheptadec-16-en-4-yl acetate"
145,NCGC00381425-01!8-hydroxy-8-(3-octyloxiran-2-yl)octanoic,acid,NCGC00381425-01!8-hydroxy-8-(3-octyloxiran-2-yl)octanoic,acid,NCGC00381425-01!8-hydroxy-8-(3-octyloxiran-2-yl)octanoic,acid
146,"NCGC00381308-01_C47H76O17_(3beta,5xi,9xi,18xi,22beta)-22,25-Dihydroxyolean-12-en-3-yl 6-deoxy-alpha-L-mannopyranosyl-(1->2)-beta-D-xylopyranosyl-(1->2)-beta-D-glucopyranosiduronic acid","NCGC00381308-01_C47H76O17_(3beta,5xi,9xi,18xi,22beta)-22,25-Dihydroxyolean-12-en-3-yl 6-deoxy-alpha-L-mannopyranosyl-(1->2)-beta-D-xylopyranosyl-(1->2)-beta-D-glucopyranosiduronic acid","NCGC00381308-01_C47H76O17_(3beta,5xi,9xi,18xi,22beta)-22,25-Dihydroxyolean-12-en-3-yl 6-deoxy-alpha-L-mannopyranosyl-(1->2)-beta-D-xylopyranosyl-(1->2)-beta-D-glucopyranosiduronic acid","NCGC00381308-01_C47H76O17_(3beta,5xi,9xi,18xi,22beta)-22,25-Dihydroxyolean-12-en-3-yl 6-deoxy-alpha-L-mannopyranosyl-(1->2)-beta-D-xylopyranosyl-(1->2)-beta-D-glucopyranosiduronic acid","NCGC00381308-01_C47H76O17_(3beta,5xi,9xi,18xi,22beta)-22,25-Dihydroxyolean-12-en-3-yl 6-deoxy-alpha-L-mannopyranosyl-(1->2)-beta-D-xylopyranosyl-(1->2)-beta-D-glucopyranosiduronic acid","NCGC00381308-01_C47H76O17_(3beta,5xi,9xi,18xi,22beta)-22,25-Dihydroxyolean-12-en-3-yl 6-deoxy-alpha-L-mannopyranosyl-(1->2)-beta-D-xylopyranosyl-(1->2)-beta-D-glucopyranosiduronic acid"
147,"NCGC00381308-01_C47H76O17_(3beta,5xi,9xi,18xi,22beta)-22,25-Dihydroxyolean-12-en-3-yl 6-deoxy-alpha-L-mannopyranosyl-(1->2)-beta-D-xylopyranosyl-(1->2)-beta-D-glucopyranosiduronic acid","NCGC00381308-01_C47H76O17_(3beta,5xi,9xi,18xi,22beta)-22,25-Dihydroxyolean-12-en-3-yl 6-deoxy-alpha-L-mannopyranosyl-(1->2)-beta-D-xylopyranosyl-(1->2)-beta-D-glucopyranosiduronic acid","NCGC00381308-01_C47H76O17_(3beta,5xi,9xi,18xi,22beta)-22,25-Dihydroxyolean-12-en-3-yl 6-deoxy-alpha-L-mannopyranosyl-(1->2)-beta-D-xylopyranosyl-(1->2)-beta-D-glucopyranosiduronic acid","NCGC00381308-01_C47H76O17_(3beta,5xi,9xi,18xi,22beta)-22,25-Dihydroxyolean-12-en-3-yl 6-deoxy-alpha-L-mannopyranosyl-(1->2)-beta-D-xylopyranosyl-(1->2)-beta-D-glucopyranosiduronic acid","NCGC00381308-01_C47H76O17_(3beta,5xi,9xi,18xi,22beta)-22,25-Dihydroxyolean-12-en-3-yl 6-deoxy-alpha-L-mannopyranosyl-(1->2)-beta-D-xylopyranosyl-(1->2)-beta-D-glucopyranosiduronic acid","NCGC00381308-01_C47H76O17_(3beta,5xi,9xi,18xi,22beta)-22,25-Dihydroxyolean-12-en-3-yl 6-deoxy-alpha-L-mannopyranosyl-(1->2)-beta-D-xylopyranosyl-(1->2)-beta-D-glucopyranosiduronic acid"
148,"NCGC00381308-01_C47H76O17_(3beta,5xi,9xi,18xi,22beta)-22,25-Dihydroxyolean-12-en-3-yl 6-deoxy-alpha-L-mannopyranosyl-(1->2)-beta-D-xylopyranosyl-(1->2)-beta-D-glucopyranosiduronic acid","NCGC00381308-01_C47H76O17_(3beta,5xi,9xi,18xi,22beta)-22,25-Dihydroxyolean-12-en-3-yl 6-deoxy-alpha-L-mannopyranosyl-(1->2)-beta-D-xylopyranosyl-(1->2)-beta-D-glucopyranosiduronic acid","NCGC00381308-01_C47H76O17_(3beta,5xi,9xi,18xi,22beta)-22,25-Dihydroxyolean-12-en-3-yl 6-deoxy-alpha-L-mannopyranosyl-(1->2)-beta-D-xylopyranosyl-(1->2)-beta-D-glucopyranosiduronic acid","NCGC00381308-01_C47H76O17_(3beta,5xi,9xi,18xi,22beta)-22,25-Dihydroxyolean-12-en-3-yl 6-deoxy-alpha-L-mannopyranosyl-(1->2)-beta-D-xylopyranosyl-(1->2)-beta-D-glucopyranosiduronic acid","NCGC00381308-01_C47H76O17_(3beta,5xi,9xi,18xi,22beta)-22,25-Dihydroxyolean-12-en-3-yl 6-deoxy-alpha-L-mannopyranosyl-(1->2)-beta-D-xylopyranosyl-(1->2)-beta-D-glucopyranosiduronic acid","NCGC00381308-01_C47H76O17_(3beta,5xi,9xi,18xi,22beta)-22,25-Dihydroxyolean-12-en-3-yl 6-deoxy-alpha-L-mannopyranosyl-(1->2)-beta-D-xylopyranosyl-(1->2)-beta-D-glucopyranosiduronic acid"
149,"NCGC00380833-01_C20H28O5_Gibbane-1,10-dicarboxylic acid, 2-hydroxy-1,4a-dimethyl-8-methylene-, (1alpha,2beta,4aalpha,4bbeta,10beta)-","NCGC00380833-01_C20H28O5_Gibbane-1,10-dicarboxylic acid, 2-hydroxy-1,4a-dimethyl-8-methylene-, (1alpha,2beta,4aalpha,4bbeta,10beta)-","NCGC00380833-01_C20H28O5_Gibbane-1,10-dicarboxylic acid, 2-hydroxy-1,4a-dimethyl-8-methylene-, (1alpha,2beta,4aalpha,4bbeta,10beta)-","NCGC00380833-01_C20H28O5_Gibbane-1,10-dicarboxylic acid, 2-hydroxy-1,4a-dimethyl-8-methylene-, (1alpha,2beta,4aalpha,4bbeta,10beta)-","NCGC00380833-01_C20H28O5_Gibbane-1,10-dicarboxylic acid, 2-hydroxy-1,4a-dimethyl-8-methylene-, (1alpha,2beta,4aalpha,4bbeta,10beta)-","NCGC00380833-01_C20H28O5_Gibbane-1,10-dicarboxylic acid, 2-hydroxy-1,4a-dimethyl-8-methylene-, (1alpha,2beta,4aalpha,4bbeta,10beta)-"
150,"NCGC00347704-02_C24H32O7_2H-Oxireno[1,10a]phenanthro[3,2-b]furan-10(11bH)-one, 5,7-bis(acetyloxy)-3,3a,4,5,6,7,7a,7b,8,8a-decahydro-4,4,7a,11-tetramethyl-, (1aS,3aR,5S,7S,7aR,7bS,8aR,11bR)-","NCGC00347704-02_C24H32O7_2H-Oxireno[1,10a]phenanthro[3,2-b]furan-10(11bH)-one, 5,7-bis(acetyloxy)-3,3a,4,5,6,7,7a,7b,8,8a-decahydro-4,4,7a,11-tetramethyl-, (1aS,3aR,5S,7S,7aR,7bS,8aR,11bR)-","NCGC00347704-02_C24H32O7_2H-Oxireno[1,10a]phenanthro[3,2-b]furan-10(11bH)-one, 5,7-bis(acetyloxy)-3,3a,4,5,6,7,7a,7b,8,8a-decahydro-4,4,7a,11-tetramethyl-, (1aS,3aR,5S,7S,7aR,7bS,8aR,11bR)-","NCGC00347704-02_C24H32O7_2H-Oxireno[1,10a]phenanthro[3,2-b]furan-10(11bH)-one, 5,7-bis(acetyloxy)-3,3a,4,5,6,7,7a,7b,8,8a-decahydro-4,4,7a,11-tetramethyl-, (1aS,3aR,5S,7S,7aR,7bS,8aR,11bR)-","NCGC00347704-02_C24H32O7_2H-Oxireno[1,10a]phenanthro[3,2-b]furan-10(11bH)-one, 5,7-bis(acetyloxy)-3,3a,4,5,6,7,7a,7b,8,8a-decahydro-4,4,7a,11-tetramethyl-, (1aS,3aR,5S,7S,7aR,7bS,8aR,11bR)-","NCGC00347704-02_C24H32O7_2H-Oxireno[1,10a]phenanthro[3,2-b]furan-10(11bH)-one, 5,7-bis(acetyloxy)-3,3a,4,5,6,7,7a,7b,8,8a-decahydro-4,4,7a,11-tetramethyl-, (1aS,3aR,5S,7S,7aR,7bS,8aR,11bR)-"
151,"NCGC00347651-02_C20H26O3_1-Phenanthrenecarboxylic acid, 1,2,3,4,4a,9,10,10a-octahydro-1,4a-dimethyl-7-(1-methylethyl)-9-oxo-","NCGC00347651-02_C20H26O3_1-Phenanthrenecarboxylic acid, 1,2,3,4,4a,9,10,10a-octahydro-1,4a-dimethyl-7-(1-methylethyl)-9-oxo-","NCGC00347651-02_C20H26O3_1-Phenanthrenecarboxylic acid, 1,2,3,4,4a,9,10,10a-octahydro-1,4a-dimethyl-7-(1-methylethyl)-9-oxo-","NCGC00347651-02_C20H26O3_1-Phenanthrenecarboxylic acid, 1,2,3,4,4a,9,10,10a-octahydro-1,4a-dimethyl-7-(1-methylethyl)-9-oxo-","NCGC00347651-02_C20H26O3_1-Phenanthrenecarboxylic acid, 1,2,3,4,4a,9,10,10a-octahydro-1,4a-dimethyl-7-(1-methylethyl)-9-oxo-","NCGC00347651-02_C20H26O3_1-Phenanthrenecarboxylic acid, 1,2,3,4,4a,9,10,10a-octahydro-1,4a-dimethyl-7-(1-methylethyl)-9-oxo-"
152,"NCGC00179905-02!(E)-3-(4-methoxyphenyl)-1-[2,4,6-trimethoxy-3-(3-methylbut-2-enyl)phenyl]prop-2-en-1-one","NCGC00179905-02!(E)-3-(4-methoxyphenyl)-1-[2,4,6-trimethoxy-3-(3-methylbut-2-enyl)phenyl]prop-2-en-1-one","NCGC00179905-02!(E)-3-(4-methoxyphenyl)-1-[2,4,6-trimethoxy-3-(3-methylbut-2-enyl)phenyl]prop-2-en-1-one","NCGC00179905-02!(E)-3-(4-methoxyphenyl)-1-[2,4,6-trimethoxy-3-(3-methylbut-2-enyl)phenyl]prop-2-en-1-one","NCGC00179905-02!(E)-3-(4-methoxyphenyl)-1-[2,4,6-trimethoxy-3-(3-methylbut-2-enyl)phenyl]prop-2-en-1-one","NCGC00179905-02!(E)-3-(4-methoxyphenyl)-1-[2,4,6-trimethoxy-3-(3-methylbut-2-enyl)phenyl]prop-2-en-1-one"
153,"NCGC00179905-02!(E)-3-(4-methoxyphenyl)-1-[2,4,6-trimethoxy-3-(3-methylbut-2-enyl)phenyl]prop-2-en-1-one","NCGC00179905-02!(E)-3-(4-methoxyphenyl)-1-[2,4,6-trimethoxy-3-(3-methylbut-2-enyl)phenyl]prop-2-en-1-one","NCGC00179905-02!(E)-3-(4-methoxyphenyl)-1-[2,4,6-trimethoxy-3-(3-methylbut-2-enyl)phenyl]prop-2-en-1-one","NCGC00179905-02!(E)-3-(4-methoxyphenyl)-1-[2,4,6-trimethoxy-3-(3-methylbut-2-enyl)phenyl]prop-2-en-1-one","NCGC00179905-02!(E)-3-(4-methoxyphenyl)-1-[2,4,6-trimethoxy-3-(3-methylbut-2-enyl)phenyl]prop-2-en-1-one","NCGC00179905-02!(E)-3-(4-methoxyphenyl)-1-[2,4,6-trimethoxy-3-(3-methylbut-2-enyl)phenyl]prop-2-en-1-one"
154,"NCGC00178646-02!2,4-dihydroxyheptadecyl acetate","NCGC00178646-02!2,4-dihydroxyheptadecyl acetate","NCGC00178646-02!2,4-dihydroxyheptadecyl acetate","NCGC00178646-02!2,4-dihydroxyheptadecyl acetate","NCGC00178646-02!2,4-dihydroxyheptadecyl acetate","NCGC00178646-02!2,4-dihydroxyheptadecyl acetate"
155,"NCGC00168953-02_C47H76O17_(3beta,5xi,9xi,22beta)-22,24-Dihydroxyolean-12-en-3-yl 6-deoxy-alpha-L-mannopyranosyl-(1->2)-alpha-L-arabinopyranosyl-(1->2)-beta-D-glucopyranosiduronic acid","NCGC00168953-02_C47H76O17_(3beta,5xi,9xi,22beta)-22,24-Dihydroxyolean-12-en-3-yl 6-deoxy-alpha-L-mannopyranosyl-(1->2)-alpha-L-arabinopyranosyl-(1->2)-beta-D-glucopyranosiduronic acid","NCGC00168953-02_C47H76O17_(3beta,5xi,9xi,22beta)-22,24-Dihydroxyolean-12-en-3-yl 6-deoxy-alpha-L-mannopyranosyl-(1->2)-alpha-L-arabinopyranosyl-(1->2)-beta-D-glucopyranosiduronic acid","NCGC00168953-02_C47H76O17_(3beta,5xi,9xi,22beta)-22,24-Dihydroxyolean-12-en-3-yl 6-deoxy-alpha-L-mannopyranosyl-(1->2)-alpha-L-arabinopyranosyl-(1->2)-beta-D-glucopyranosiduronic acid","NCGC00168953-02_C47H76O17_(3beta,5xi,9xi,22beta)-22,24-Dihydroxyolean-12-en-3-yl 6-deoxy-alpha-L-mannopyranosyl-(1->2)-alpha-L-arabinopyranosyl-(1->2)-beta-D-glucopyranosiduronic acid","NCGC00168953-02_C47H76O17_(3beta,5xi,9xi,22beta)-22,24-Dihydroxyolean-12-en-3-yl 6-deoxy-alpha-L-mannopyranosyl-(1->2)-alpha-L-arabinopyranosyl-(1->2)-beta-D-glucopyranosiduronic acid"
156,"NCGC00168953-02_C47H76O17_(3beta,5xi,9xi,22beta)-22,24-Dihydroxyolean-12-en-3-yl 6-deoxy-alpha-L-mannopyranosyl-(1->2)-alpha-L-arabinopyranosyl-(1->2)-beta-D-glucopyranosiduronic acid","NCGC00168953-02_C47H76O17_(3beta,5xi,9xi,22beta)-22,24-Dihydroxyolean-12-en-3-yl 6-deoxy-alpha-L-mannopyranosyl-(1->2)-alpha-L-arabinopyranosyl-(1->2)-beta-D-glucopyranosiduronic acid","NCGC00168953-02_C47H76O17_(3beta,5xi,9xi,22beta)-22,24-Dihydroxyolean-12-en-3-yl 6-deoxy-alpha-L-mannopyranosyl-(1->2)-alpha-L-arabinopyranosyl-(1->2)-beta-D-glucopyranosiduronic acid","NCGC00168953-02_C47H76O17_(3beta,5xi,9xi,22beta)-22,24-Dihydroxyolean-12-en-3-yl 6-deoxy-alpha-L-mannopyranosyl-(1->2)-alpha-L-arabinopyranosyl-(1->2)-beta-D-glucopyranosiduronic acid","NCGC00168953-02_C47H76O17_(3beta,5xi,9xi,22beta)-22,24-Dihydroxyolean-12-en-3-yl 6-deoxy-alpha-L-mannopyranosyl-(1->2)-alpha-L-arabinopyranosyl-(1->2)-beta-D-glucopyranosiduronic acid","NCGC00168953-02_C47H76O17_(3beta,5xi,9xi,22beta)-22,24-Dihydroxyolean-12-en-3-yl 6-deoxy-alpha-L-mannopyranosyl-(1->2)-alpha-L-arabinopyranosyl-(1->2)-beta-D-glucopyranosiduronic acid"
157,N-Cyclohexanecarbonylpentadecylamine,N-Cyclohexanecarbonylpentadecylamine,N-Cyclohexanecarbonylpentadecylamine,N-Cyclohexanecarbonylpentadecylamine,N-Cyclohexanecarbonylpentadecylamine,N-Cyclohexanecarbonylpentadecylamine
158,MLS001360619-01!,MLS001360619-01!,MLS001360619-01!,MLS001360619-01!,MLS001360619-01!,MLS001360619-01!
159,"MLS001140686-01!(2S)-1-[(2S)-2-[[(2S)-2-(2,4-dioxo-1H-quinazolin-3-yl)-3-phenylpropanoyl]amino]-3-methylbutanoyl]pyrrolidine-2-carboxylic acid","MLS001140686-01!(2S)-1-[(2S)-2-[[(2S)-2-(2,4-dioxo-1H-quinazolin-3-yl)-3-phenylpropanoyl]amino]-3-methylbutanoyl]pyrrolidine-2-carboxylic acid","MLS001140686-01!(2S)-1-[(2S)-2-[[(2S)-2-(2,4-dioxo-1H-quinazolin-3-yl)-3-phenylpropanoyl]amino]-3-methylbutanoyl]pyrrolidine-2-carboxylic acid","MLS001140686-01!(2S)-1-[(2S)-2-[[(2S)-2-(2,4-dioxo-1H-quinazolin-3-yl)-3-phenylpropanoyl]amino]-3-methylbutanoyl]pyrrolidine-2-carboxylic acid","MLS001140686-01!(2S)-1-[(2S)-2-[[(2S)-2-(2,4-dioxo-1H-quinazolin-3-yl)-3-phenylpropanoyl]amino]-3-methylbutanoyl]pyrrolidine-2-carboxylic acid","MLS001140686-01!(2S)-1-[(2S)-2-[[(2S)-2-(2,4-dioxo-1H-quinazolin-3-yl)-3-phenylpropanoyl]amino]-3-methylbutanoyl]pyrrolidine-2-carboxylic acid"
160,MLS001066334-01!D-erythro-Dihydrosphingosine764-22-7,MLS001066334-01!D-erythro-Dihydrosphingosine764-22-8,MLS001066334-01!D-erythro-Dihydrosphingosine764-22-9,MLS001066334-01!D-erythro-Dihydrosphingosine764-22-10,MLS001066334-01!D-erythro-Dihydrosphingosine764-22-11,MLS001066334-01!D-erythro-Dihydrosphingosine764-22-12
161,Methyl,deoxycholate,Methyl,deoxycholate,Methyl,deoxycholate
162,Methyl,deoxycholate,Methyl,deoxycholate,Methyl,deoxycholate
163,Methyl,deoxycholate,Methyl,deoxycholate,Methyl,deoxycholate
164,Methyl,chenodeoxycholate,Methyl,chenodeoxycholate,Methyl,chenodeoxycholate
165,Methyl,.gamma.-linolenate,Methyl,.gamma.-linolenate,Methyl,.gamma.-linolenate
166,Medicagenic,acid,Medicagenic,acid,Medicagenic,acid
167,Medicagenic,acid,Medicagenic,acid,Medicagenic,acid
168,Linoleic,acid,methyl,ester,Linoleic,acid
169,Letrozole,Letrozole,Letrozole,Letrozole,Letrozole,Letrozole
170,L-Arachidonoylcarnitine,L-Arachidonoylcarnitine,L-Arachidonoylcarnitine,L-Arachidonoylcarnitine,L-Arachidonoylcarnitine,L-Arachidonoylcarnitine
171,Hemin,cation,Hemin,cation,Hemin,cation
172,Hederagenin,Hederagenin,Hederagenin,Hederagenin,Hederagenin,Hederagenin
173,Genistein,Genistein,Genistein,Genistein,Genistein,Genistein
174,Genipin,Genipin,Genipin,Genipin,Genipin,Genipin
175,Enterolactone,Enterolactone,Enterolactone,Enterolactone,Enterolactone,Enterolactone
176,Echinocystic,acid,Echinocystic,acid,Echinocystic,acid
177,Deoxycholic,acid,Deoxycholic,acid,Deoxycholic,acid
178,Deoxycholic,acid,Deoxycholic,acid,Deoxycholic,acid
179,Deoxycholic,acid,Deoxycholic,acid,Deoxycholic,acid
180,Daidzin,Daidzin,Daidzin,Daidzin,Daidzin,Daidzin
181,Coproporphyrin,I,Coproporphyrin,I,Coproporphyrin,I
182,Coproporphyrin,I,Coproporphyrin,I,Coproporphyrin,I
183,cis-Vaccenic,acid,cis-Vaccenic,acid,cis-Vaccenic,acid
184,"cis-5,8,11,14-Eicosatetraenoic acid","cis-5,8,11,14-Eicosatetraenoic acid","cis-5,8,11,14-Eicosatetraenoic acid","cis-5,8,11,14-Eicosatetraenoic acid","cis-5,8,11,14-Eicosatetraenoic acid","cis-5,8,11,14-Eicosatetraenoic acid"
185,"cis-5,8,11,14-Eicosatetraenoic acid","cis-5,8,11,14-Eicosatetraenoic acid","cis-5,8,11,14-Eicosatetraenoic acid","cis-5,8,11,14-Eicosatetraenoic acid","cis-5,8,11,14-Eicosatetraenoic acid","cis-5,8,11,14-Eicosatetraenoic acid"
186,"cis-4,10,13,16-Docosatetraenoic acid","cis-4,10,13,16-Docosatetraenoic acid","cis-4,10,13,16-Docosatetraenoic acid","cis-4,10,13,16-Docosatetraenoic acid","cis-4,10,13,16-Docosatetraenoic acid","cis-4,10,13,16-Docosatetraenoic acid"
187,cis-12-Octadecenoic,acid,methyl,ester,cis-12-Octadecenoic,acid
188,Cholic,acid,methyl,ester,Cholic,acid
189,Cholic,acid,methyl,ester,Cholic,acid
190,Cholic,acid,methyl,ester,Cholic,acid
191,Cholic,acid,Cholic,acid,Cholic,acid
192,Cholic,acid,Cholic,acid,Cholic,acid
193,Cholic,acid,Cholic,acid,Cholic,acid
194,Cholic,acid,Cholic,acid,Cholic,acid
195,Cholic,acid,Cholic,acid,Cholic,acid
196,Cholic,acid,Cholic,acid,Cholic,acid
197,Cholic,acid,Cholic,acid,Cholic,acid
198,Cholic,acid,Cholic,acid,Cholic,acid
199,Cholic,acid,Cholic,acid,Cholic,acid
200,Cholic,acid,Cholic,acid,Cholic,acid
201,Cholic,acid,Cholic,acid,Cholic,acid
202,Cholic,acid,Cholic,acid,Cholic,acid
203,Chenodeoxycholic,acid,Chenodeoxycholic,acid,Chenodeoxycholic,acid
204,Ceramide,(18:1/16:0),Ceramide,(18:1/16:0),Ceramide,(18:1/16:0)
205,Caulophyllogenin,Caulophyllogenin,Caulophyllogenin,Caulophyllogenin,Caulophyllogenin,Caulophyllogenin
206,Biliverdin,Biliverdin,Biliverdin,Biliverdin,Biliverdin,Biliverdin
207,beta-Sitostenone,beta-Sitostenone,beta-Sitostenone,beta-Sitostenone,beta-Sitostenone,beta-Sitostenone
208,Bacosine,Bacosine,Bacosine,Bacosine,Bacosine,Bacosine
209,Bacosine,Bacosine,Bacosine,Bacosine,Bacosine,Bacosine
210,Arachidonic,acid,methyl,ester,Arachidonic,acid
211,"9-Oxo-10E,12Z-octadecadienoic acid","10-Oxo-10E,12Z-octadecadienoic acid","11-Oxo-10E,12Z-octadecadienoic acid","12-Oxo-10E,12Z-octadecadienoic acid","13-Oxo-10E,12Z-octadecadienoic acid","14-Oxo-10E,12Z-octadecadienoic acid"
212,"7-Keto-3.alpha.,12-.alpha.-dihydroxycholanic acid","8-Keto-3.alpha.,12-.alpha.-dihydroxycholanic acid","9-Keto-3.alpha.,12-.alpha.-dihydroxycholanic acid","10-Keto-3.alpha.,12-.alpha.-dihydroxycholanic acid","11-Keto-3.alpha.,12-.alpha.-dihydroxycholanic acid","12-Keto-3.alpha.,12-.alpha.-dihydroxycholanic acid"
213,"5-Hexenoic acid, 6-[(2R,3S)-3-[[[(4-chloro-2-methylphenyl)sulfonyl]amino]methyl]bicyclo[2.2.2]oct-2-yl]-, (5Z)-","6-Hexenoic acid, 6-[(2R,3S)-3-[[[(4-chloro-2-methylphenyl)sulfonyl]amino]methyl]bicyclo[2.2.2]oct-2-yl]-, (5Z)-","7-Hexenoic acid, 6-[(2R,3S)-3-[[[(4-chloro-2-methylphenyl)sulfonyl]amino]methyl]bicyclo[2.2.2]oct-2-yl]-, (5Z)-","8-Hexenoic acid, 6-[(2R,3S)-3-[[[(4-chloro-2-methylphenyl)sulfonyl]amino]methyl]bicyclo[2.2.2]oct-2-yl]-, (5Z)-","9-Hexenoic acid, 6-[(2R,3S)-3-[[[(4-chloro-2-methylphenyl)sulfonyl]amino]methyl]bicyclo[2.2.2]oct-2-yl]-, (5Z)-","10-Hexenoic acid, 6-[(2R,3S)-3-[[[(4-chloro-2-methylphenyl)sulfonyl]amino]methyl]bicyclo[2.2.2]oct-2-yl]-, (5Z)-"
214,4.alpha./.beta.-Hydroxyprostanozol,5.alpha./.beta.-Hydroxyprostanozol,6.alpha./.beta.-Hydroxyprostanozol,7.alpha./.beta.-Hydroxyprostanozol,8.alpha./.beta.-Hydroxyprostanozol,9.alpha./.beta.-Hydroxyprostanozol
215,4.alpha.-Hydroxystanozolol,5.alpha.-Hydroxystanozolol,6.alpha.-Hydroxystanozolol,7.alpha.-Hydroxystanozolol,8.alpha.-Hydroxystanozolol,9.alpha.-Hydroxystanozolol
216,4.alpha.-Hydroxystanozolol,5.alpha.-Hydroxystanozolol,6.alpha.-Hydroxystanozolol,7.alpha.-Hydroxystanozolol,8.alpha.-Hydroxystanozolol,9.alpha.-Hydroxystanozolol
217,4-Pregnene-20.beta.-ol-3-one,5-Pregnene-20.beta.-ol-3-one,6-Pregnene-20.beta.-ol-3-one,7-Pregnene-20.beta.-ol-3-one,8-Pregnene-20.beta.-ol-3-one,9-Pregnene-20.beta.-ol-3-one
218,4-Cholestenone,5-Cholestenone,6-Cholestenone,7-Cholestenone,8-Cholestenone,9-Cholestenone
219,3.beta.-Hydroxy-5-cholestenoic,acid,4.beta.-Hydroxy-5-cholestenoic,acid,5.beta.-Hydroxy-5-cholestenoic,acid
220,3.beta.-Hydroxy-5-cholenoic,acid,4.beta.-Hydroxy-5-cholenoic,acid,5.beta.-Hydroxy-5-cholenoic,acid
221,3.beta.-Hydroxy-5-cholenoic,acid,4.beta.-Hydroxy-5-cholenoic,acid,5.beta.-Hydroxy-5-cholenoic,acid
222,3.beta.-Hydroxy-5-cholenoic,acid,4.beta.-Hydroxy-5-cholenoic,acid,5.beta.-Hydroxy-5-cholenoic,acid
223,3.alpha.-Hydroxy-7-oxo-5.beta.-cholanic,acid,4.alpha.-Hydroxy-7-oxo-5.beta.-cholanic,acid,5.alpha.-Hydroxy-7-oxo-5.beta.-cholanic,acid
224,3-Hydroxyoleylcarnitine,4-Hydroxyoleylcarnitine,5-Hydroxyoleylcarnitine,6-Hydroxyoleylcarnitine,7-Hydroxyoleylcarnitine,8-Hydroxyoleylcarnitine
225,3-Hydroxyoleylcarnitine,4-Hydroxyoleylcarnitine,5-Hydroxyoleylcarnitine,6-Hydroxyoleylcarnitine,7-Hydroxyoleylcarnitine,8-Hydroxyoleylcarnitine
226,3-Hydroxyoleylcarnitine,4-Hydroxyoleylcarnitine,5-Hydroxyoleylcarnitine,6-Hydroxyoleylcarnitine,7-Hydroxyoleylcarnitine,8-Hydroxyoleylcarnitine
227,3-Hydroxykynurenine,4-Hydroxykynurenine,5-Hydroxykynurenine,6-Hydroxykynurenine,7-Hydroxykynurenine,8-Hydroxykynurenine
228,25(S)-26-Hydroxycholesterol,26(S)-26-Hydroxycholesterol,27(S)-26-Hydroxycholesterol,28(S)-26-Hydroxycholesterol,29(S)-26-Hydroxycholesterol,30(S)-26-Hydroxycholesterol
229,2-Oleoyl-1-stearoyl-sn-glycero-3-phosphoserine,3-Oleoyl-1-stearoyl-sn-glycero-3-phosphoserine,4-Oleoyl-1-stearoyl-sn-glycero-3-phosphoserine,5-Oleoyl-1-stearoyl-sn-glycero-3-phosphoserine,6-Oleoyl-1-stearoyl-sn-glycero-3-phosphoserine,7-Oleoyl-1-stearoyl-sn-glycero-3-phosphoserine
230,17-Octadecynoic,acid,18-Octadecynoic,acid,19-Octadecynoic,acid
231,12-Ketodeoxycholic,acid,13-Ketodeoxycholic,acid,14-Ketodeoxycholic,acid
232,"10E,12Z-octadecadienoic acid","11E,12Z-octadecadienoic acid","12E,12Z-octadecadienoic acid","13E,12Z-octadecadienoic acid","14E,12Z-octadecadienoic acid","15E,12Z-octadecadienoic acid"
233,1-Palmitoyl-sn-glycero-3-phosphocholine,2-Palmitoyl-sn-glycero-3-phosphocholine,3-Palmitoyl-sn-glycero-3-phosphocholine,4-Palmitoyl-sn-glycero-3-phosphocholine,5-Palmitoyl-sn-glycero-3-phosphocholine,6-Palmitoyl-sn-glycero-3-phosphocholine
234,1-Palmitoyl-sn-glycero-3-phosphocholine,2-Palmitoyl-sn-glycero-3-phosphocholine,3-Palmitoyl-sn-glycero-3-phosphocholine,4-Palmitoyl-sn-glycero-3-phosphocholine,5-Palmitoyl-sn-glycero-3-phosphocholine,6-Palmitoyl-sn-glycero-3-phosphocholine
235,1-Palmitoyl-2-hydroxy-sn-glycero-3-phospho-(1'-rac-glycerol),2-Palmitoyl-2-hydroxy-sn-glycero-3-phospho-(1'-rac-glycerol),3-Palmitoyl-2-hydroxy-sn-glycero-3-phospho-(1'-rac-glycerol),4-Palmitoyl-2-hydroxy-sn-glycero-3-phospho-(1'-rac-glycerol),5-Palmitoyl-2-hydroxy-sn-glycero-3-phospho-(1'-rac-glycerol),6-Palmitoyl-2-hydroxy-sn-glycero-3-phospho-(1'-rac-glycerol)
236,1-Oleoyl-sn-glycero-3-phosphocholine,2-Oleoyl-sn-glycero-3-phosphocholine,3-Oleoyl-sn-glycero-3-phosphocholine,4-Oleoyl-sn-glycero-3-phosphocholine,5-Oleoyl-sn-glycero-3-phosphocholine,6-Oleoyl-sn-glycero-3-phosphocholine
237,1-Oleoyl-2-hydroxy-sn-glycero-3-phospho-(1'-rac-glycerol),2-Oleoyl-2-hydroxy-sn-glycero-3-phospho-(1'-rac-glycerol),3-Oleoyl-2-hydroxy-sn-glycero-3-phospho-(1'-rac-glycerol),4-Oleoyl-2-hydroxy-sn-glycero-3-phospho-(1'-rac-glycerol),5-Oleoyl-2-hydroxy-sn-glycero-3-phospho-(1'-rac-glycerol),6-Oleoyl-2-hydroxy-sn-glycero-3-phospho-(1'-rac-glycerol)
238,1-Myristoyl-2-hydroxy-sn-glycero-3-phosphoethanolamine,2-Myristoyl-2-hydroxy-sn-glycero-3-phosphoethanolamine,3-Myristoyl-2-hydroxy-sn-glycero-3-phosphoethanolamine,4-Myristoyl-2-hydroxy-sn-glycero-3-phosphoethanolamine,5-Myristoyl-2-hydroxy-sn-glycero-3-phosphoethanolamine,6-Myristoyl-2-hydroxy-sn-glycero-3-phosphoethanolamine
239,1-Hexadecyl-sn-glycero-3-phosphocholine,2-Hexadecyl-sn-glycero-3-phosphocholine,3-Hexadecyl-sn-glycero-3-phosphocholine,4-Hexadecyl-sn-glycero-3-phosphocholine,5-Hexadecyl-sn-glycero-3-phosphocholine,6-Hexadecyl-sn-glycero-3-phosphocholine
240,1-(1Z-Hexadecenyl)-sn-glycero-3-phosphocholine,2-(1Z-Hexadecenyl)-sn-glycero-3-phosphocholine,3-(1Z-Hexadecenyl)-sn-glycero-3-phosphocholine,4-(1Z-Hexadecenyl)-sn-glycero-3-phosphocholine,5-(1Z-Hexadecenyl)-sn-glycero-3-phosphocholine,6-(1Z-Hexadecenyl)-sn-glycero-3-phosphocholine
241,(25S)-7-Dafachronic,acid,(25S)-7-Dafachronic,acid,(25S)-7-Dafachronic,acid
242,(+)-Fluprostenol,lactone,diol,(+)-Fluprostenol,lactone,diol
243,.gamma.-Muricholic,acid,.gamma.-Muricholic,acid,.gamma.-Muricholic,acid
244,.gamma.-Muricholic,acid,.gamma.-Muricholic,acid,.gamma.-Muricholic,acid
245,.gamma.-Muricholic,acid,.gamma.-Muricholic,acid,.gamma.-Muricholic,acid
246,.gamma.-Muricholic,acid,.gamma.-Muricholic,acid,.gamma.-Muricholic,acid
247,.gamma.-Muricholic,acid,.gamma.-Muricholic,acid,.gamma.-Muricholic,acid
248,.gamma.-Muricholic,acid,.gamma.-Muricholic,acid,.gamma.-Muricholic,acid
249,.gamma.-Muricholic,acid,.gamma.-Muricholic,acid,.gamma.-Muricholic,acid
250,.gamma.-Muricholic,acid,.gamma.-Muricholic,acid,.gamma.-Muricholic,acid
251,.gamma.-Muricholic,acid,.gamma.-Muricholic,acid,.gamma.-Muricholic,acid
252,.gamma.-Muricholic,acid,.gamma.-Muricholic,acid,.gamma.-Muricholic,acid
253,.gamma.-Muricholic,acid,.gamma.-Muricholic,acid,.gamma.-Muricholic,acid
254,.gamma.-Muricholic,acid,.gamma.-Muricholic,acid,.gamma.-Muricholic,acid
255,.gamma.-Muricholic,acid,.gamma.-Muricholic,acid,.gamma.-Muricholic,acid
256,.gamma.-Muricholic,acid,.gamma.-Muricholic,acid,.gamma.-Muricholic,acid
257,.gamma.-Muricholic,acid,.gamma.-Muricholic,acid,.gamma.-Muricholic,acid
258,.gamma.-Muricholic,acid,.gamma.-Muricholic,acid,.gamma.-Muricholic,acid
259,.gamma.-Muricholic,acid,.gamma.-Muricholic,acid,.gamma.-Muricholic,acid
260,.beta.-Muricholic,acid,.beta.-Muricholic,acid,.beta.-Muricholic,acid
261,.beta.-Muricholic,acid,.beta.-Muricholic,acid,.beta.-Muricholic,acid
262,.beta.-Muricholic,acid,.beta.-Muricholic,acid,.beta.-Muricholic,acid
263,.beta.-Muricholic,acid,.beta.-Muricholic,acid,.beta.-Muricholic,acid
264,.beta.-Muricholic,acid,.beta.-Muricholic,acid,.beta.-Muricholic,acid
265,.beta.-Muricholic,acid,.beta.-Muricholic,acid,.beta.-Muricholic,acid
266,.beta.-Muricholic,acid,.beta.-Muricholic,acid,.beta.-Muricholic,acid
267,.beta.-Muricholic,acid,.beta.-Muricholic,acid,.beta.-Muricholic,acid
268,.beta.-Muricholic,acid,.beta.-Muricholic,acid,.beta.-Muricholic,acid
269,.beta.-Muricholic,acid,.beta.-Muricholic,acid,.beta.-Muricholic,acid
270,.beta.-Muricholic,acid,.beta.-Muricholic,acid,.beta.-Muricholic,acid
271,.beta.-Muricholic,acid,.beta.-Muricholic,acid,.beta.-Muricholic,acid
272,.beta.-Muricholic,acid,.beta.-Muricholic,acid,.beta.-Muricholic,acid
273,.beta.-Muricholic,acid,.beta.-Muricholic,acid,.beta.-Muricholic,acid
274,.beta.-Muricholic,acid,.beta.-Muricholic,acid,.beta.-Muricholic,acid
275,.beta.-Hyodeoxycholic,acid,.beta.-Hyodeoxycholic,acid,.beta.-Hyodeoxycholic,acid
276,.beta.-Hyodeoxycholic,acid,.beta.-Hyodeoxycholic,acid,.beta.-Hyodeoxycholic,acid
277,.beta.-Hyodeoxycholic,acid,.beta.-Hyodeoxycholic,acid,.beta.-Hyodeoxycholic,acid
278,.beta.-Hyodeoxycholic,acid,.beta.-Hyodeoxycholic,acid,.beta.-Hyodeoxycholic,acid
279,.beta.-Hyodeoxycholic,acid,.beta.-Hyodeoxycholic,acid,.beta.-Hyodeoxycholic,acid
280,.beta.-Hyodeoxycholic,acid,.beta.-Hyodeoxycholic,acid,.beta.-Hyodeoxycholic,acid
281,.beta.-Hyodeoxycholic,acid,.beta.-Hyodeoxycholic,acid,.beta.-Hyodeoxycholic,acid
282,.beta.-Hyodeoxycholic,acid,.beta.-Hyodeoxycholic,acid,.beta.-Hyodeoxycholic,acid
283,.beta.-Hyodeoxycholic,acid,.beta.-Hyodeoxycholic,acid,.beta.-Hyodeoxycholic,acid
284,.beta.-Hyodeoxycholic,acid,.beta.-Hyodeoxycholic,acid,.beta.-Hyodeoxycholic,acid
285,.beta.-Hyodeoxycholic,acid,.beta.-Hyodeoxycholic,acid,.beta.-Hyodeoxycholic,acid
286,.beta.-Hyodeoxycholic,acid,.beta.-Hyodeoxycholic,acid,.beta.-Hyodeoxycholic,acid
287,.beta.-Hyodeoxycholic,acid,.beta.-Hyodeoxycholic,acid,.beta.-Hyodeoxycholic,acid
288,.beta.-Hyodeoxycholic,acid,.beta.-Hyodeoxycholic,acid,.beta.-Hyodeoxycholic,acid
289,.beta.-Hyodeoxycholic,acid,.beta.-Hyodeoxycholic,acid,.beta.-Hyodeoxycholic,acid
290,.beta.-Hyodeoxycholic,acid,.beta.-Hyodeoxycholic,acid,.beta.-Hyodeoxycholic,acid
291,.beta.-Hyodeoxycholic,acid,.beta.-Hyodeoxycholic,acid,.beta.-Hyodeoxycholic,acid
292,.beta.-Hyodeoxycholic,acid,.beta.-Hyodeoxycholic,acid,.beta.-Hyodeoxycholic,acid
293,.beta.-Hyodeoxycholic,acid,.beta.-Hyodeoxycholic,acid,.beta.-Hyodeoxycholic,acid
294,.beta.-Hyodeoxycholic,acid,.beta.-Hyodeoxycholic,acid,.beta.-Hyodeoxycholic,acid
295,.beta.-Hyodeoxycholic,acid,.beta.-Hyodeoxycholic,acid,.beta.-Hyodeoxycholic,acid
296,.alpha.-Tocopherol,nicotinate,.alpha.-Tocopherol,nicotinate,.alpha.-Tocopherol,nicotinate
297,.alpha.-Hyodeoxycholic,acid,methyl,ester,.alpha.-Hyodeoxycholic,acid
298,.alpha.-Hyodeoxycholic,acid,methyl,ester,.alpha.-Hyodeoxycholic,acid
299,.alpha.-Hyodeoxycholic,acid,methyl,ester,.alpha.-Hyodeoxycholic,acid
300,.alpha.-Hyodeoxycholic,acid,methyl,ester,.alpha.-Hyodeoxycholic,acid
301,.alpha.-Hyodeoxycholic,acid,methyl,ester,.alpha.-Hyodeoxycholic,acid
302,.alpha.-Hyodeoxycholic,acid,methyl,ester,.alpha.-Hyodeoxycholic,acid
303,.alpha.-Hyodeoxycholic,acid,methyl,ester,.alpha.-Hyodeoxycholic,acid
304,.alpha.-Hyodeoxycholic,acid,methyl,ester,.alpha.-Hyodeoxycholic,acid
